Organism,Protein,Position,HLA Haplotype,Pathogen Peptide,pathogen length,%Rank_EL(X),Aff(nM)(X),Immunogenicity,Type of MHC,Human_match,BLOSUM80 score,Identity percentage,Alignment length (Sequence),Identical aa,Positions,Human Peptide,Human length,Alignment Length (Structure),Structural RMSD,TM-align score (Human chain 2),Structural alignment coverage %,RMSD_Mimic_Target (Y),BLOSUM80_per_residue,Alignment_coverage_sequence
C.jejuni,neuA,176,HLA-A*11:01,AGAFYFGTSK,10,0.443,26.78,NetMHCpan,Cytotoxic T-cells,USP8,,,,,189-199,YTMMTDKNIS,10,6,2.7,0.2,60.0,N,,
C.jejuni,neuA,176,HLA-A*11:01,AGAFYFGTSK,10,0.443,26.78,NetMHCpan,Cytotoxic T-cells,AADACL2,37.0,67.0,9.0,6.0,113-121,GGFCFGSSK,9,5,0.67,0.249,55.55555556,Y,4.111111111111111,90.0
C.jejuni,neuA,176,HLA-A*11:01,AGAFYFGTSK,10,0.443,26.78,NetMHCpan,Cytotoxic T-cells,ADORA3,35.0,58.0,12.0,7.0,219-230,GAFYGREFKTAK,12,3,0.12,0.237,30.0,Y,2.9166666666666665,100.0
C.jejuni,neuA,176,HLA-A*11:01,AGAFYFGTSK,10,0.443,26.78,NetMHCpan,Cytotoxic T-cells,DPH2,36.0,78.0,9.0,7.0,215-223,GAFYVGGSK,9,6,0.98,0.4,66.66666667,Y,4.0,90.0
C.jejuni,neuA,176,HLA-A*11:01,AGAFYFGTSK,10,0.443,26.78,NetMHCpan,Cytotoxic T-cells,PNLIPRP3,35.0,75.0,8.0,6.0,8 - 15,AFLFFGTS,8,5,0.89,0.323,62.5,Y,4.375,80.0
C.jejuni,neuA,176,HLA-A*11:01,AGAFYFGTSK,10,0.443,26.78,NetMHCpan,Cytotoxic T-cells,PNLIPRP3,35.0,83.0,6.0,5.0,82-87,YFGTDK,6,5,0.79,0.39,83.33333333,Y,5.833333333333333,60.0
C.jejuni,neuA,176,HLA-A*11:01,AGAFYFGTSK,10,0.443,26.78,NetMHCpan,Cytotoxic T-cells,PNLIPRP3,24.0,50.0,10.0,5.0,193-202,AGPFFHNTPK,10,4,1.39,0.495,40.0,Y,2.4,100.0
C.jejuni,neuA,191,DRB1_0701,DFIFKPHSSVFVLPR,15,0.46,9.97,NetMHCIIpan,Helper T-cells,KIF26B,,,,,345-359,GLTEAVLNRYNADKP,15,10,2.31,0.197,66.66666667,N,,
C.jejuni,neuA,191,DRB1_0701,DFIFKPHSSVFVLPR,15,0.46,9.97,NetMHCIIpan,Helper T-cells,BPIFB2,28.0,100.0,5.0,5.0,96-102,NFTFKVF,7,7,0.68,0.477,100.0,Y,5.6,33.33333333333333
C.jejuni,neuA,191,DRB1_0701,DFIFKPHSSVFVLPR,15,0.46,9.97,NetMHCIIpan,Helper T-cells,MYOT,41.0,71.0,7.0,5.0,351-357,FIYKPQS,7,6,1.08,0.452,85.71428571,Y,5.857142857142857,46.666666666666664
C.jejuni,neuA,191,DRB1_0701,DFIFKPHSSVFVLPR,15,0.46,9.97,NetMHCIIpan,Helper T-cells,MYOT,26.0,44.0,9.0,4.0,37-45,QSSIIIQPR,9,9,1.27,0.498,100.0,Y,2.888888888888889,60.0
C.jejuni,neuA,191,DRB1_0701,DFIFKPHSSVFVLPR,15,0.46,9.97,NetMHCIIpan,Helper T-cells,NDST2,40.0,50.0,14.0,7.0,472-482,FIHNGIMVLPR,11,7,0.75,0.434,63.63636364,Y,2.857142857142857,93.33333333333333
C.jejuni,neuA,191,DRB1_0701,DFIFKPHSSVFVLPR,15,0.46,9.97,NetMHCIIpan,Helper T-cells,NDST4,48.0,57.0,14.0,8.0,84-94,FIHNSIMVLPR,11,7,0.73,0.456,63.63636364,Y,3.4285714285714284,93.33333333333333
C.jejuni,neuA,191,DRB1_0701,DFIFKPHSSVFVLPR,15,0.46,9.97,NetMHCIIpan,Helper T-cells,OSBPL1A,40.0,55.0,11.0,6.0,153-161,DFIFHGSIY,9,9,1.65,0.288,100.0,Y,3.6363636363636362,73.33333333333333
C.jejuni,neuA,191,DRB1_0701,DFIFKPHSSVFVLPR,15,0.46,9.97,NetMHCIIpan,Helper T-cells,OSBPL1A,31.0,67.0,6.0,4.0,310-315,SVFIIP,6,6,0.71,0.595,100.0,Y,5.166666666666667,40.0
C.jejuni,neuA,191,DRB1_0701,DFIFKPHSSVFVLPR,15,0.46,9.97,NetMHCIIpan,Helper T-cells,POLE,41.0,57.0,14.0,8.0,1502-1515,IFIPSQRRASVFVL,14,11,2.64,0.226,78.57142857,N,2.9285714285714284,93.33333333333333
C.jejuni,neuA,191,DRB1_0701,DFIFKPHSSVFVLPR,15,0.46,9.97,NetMHCIIpan,Helper T-cells,POLE,35.0,67.0,9.0,6.0,984-990,IFQSSVF,7,4,0.42,0.364,57.14285714,Y,3.888888888888889,60.0
E.coli,L-asparaginase,149,HLA-A*02:01,FNLYNAVVTA,10,0.466,14.52,NetMHCpan,Cytotoxic T-cells,CRNN,,,,,278-287,TSQAVTGGHA,10,4,2.19,0.031,40.0,N,,
E.coli,L-asparaginase,149,HLA-A*02:01,FNLYNAVVTA,10,0.466,14.52,NetMHCpan,Cytotoxic T-cells,ADGRA3,41.0,78.0,9.0,7.0,308-316,NLTNAVATA,9,6,0.21,0.569,66.66666667,Y,4.555555555555555,90.0
E.coli,L-asparaginase,149,HLA-A*02:01,FNLYNAVVTA,10,0.466,14.52,NetMHCpan,Cytotoxic T-cells,CACNA2D4,44.0,75.0,8.0,6.0,727-734,LFDAVVTA,8,8,0.34,0.72,100.0,Y,5.5,80.0
E.coli,L-asparaginase,149,HLA-A*02:01,FNLYNAVVTA,10,0.466,14.52,NetMHCpan,Cytotoxic T-cells,CACNA2D4,29.0,57.0,7.0,4.0,163-169,FDYYNSV,7,3,0.01,0.428,42.85714286,Y,4.142857142857143,70.0
E.coli,L-asparaginase,149,HLA-A*02:01,FNLYNAVVTA,10,0.466,14.52,NetMHCpan,Cytotoxic T-cells,CLDN18,37.0,67.0,9.0,6.0,34-42,DLYNNPVTA,9,5,0.97,0.275,55.55555556,Y,4.111111111111111,90.0
E.coli,L-asparaginase,149,HLA-A*02:01,FNLYNAVVTA,10,0.466,14.52,NetMHCpan,Cytotoxic T-cells,CPSF7,36.0,56.0,9.0,5.0,29-37,DLYDDVLTA,9,4,0.45,0.258,44.44444444,Y,4.0,90.0
E.coli,L-asparaginase,149,HLA-A*02:01,FNLYNAVVTA,10,0.466,14.52,NetMHCpan,Cytotoxic T-cells,EPHA2,36.0,83.0,6.0,5.0,119-124,FNLYYA,6,5,1.3,0.288,83.33333333,Y,6.0,60.0
E.coli,L-asparaginase,149,HLA-A*02:01,FNLYNAVVTA,10,0.466,14.52,NetMHCpan,Cytotoxic T-cells,IFT81,36.0,67.0,9.0,6.0,272-278,FNLYMVT,7,7,0.27,0.825,100.0,Y,4.0,90.0
E.coli,L-asparaginase,149,HLA-A*02:01,FNLYNAVVTA,10,0.466,14.52,NetMHCpan,Cytotoxic T-cells,OXGR1,36.0,57.0,7.0,4.0,115-121,FNLYSSI,7,7,0.36,0.709,100.0,Y,5.142857142857143,70.0
E.coli,L-asparaginase,149,HLA-A*02:01,FNLYNAVVTA,10,0.466,14.52,NetMHCpan,Cytotoxic T-cells,OXGR1,25.0,57.0,7.0,4.0,198-204,YNLILTA,7,7,0.2,0.868,100.0,Y,3.5714285714285716,70.0
E.coli,L-asparaginase,149,HLA-A*02:01,FNLYNAVVTA,10,0.466,14.52,NetMHCpan,Cytotoxic T-cells,PAXX,36.0,67.0,9.0,6.0,37-42,FNLYVT,6,5,1.29,0.24,83.33333333,Y,4.0,90.0
E.coli,L-asparaginase,149,HLA-A*02:01,FNLYNAVVTA,10,0.466,14.52,NetMHCpan,Cytotoxic T-cells,PTPRB,36.0,71.0,7.0,5.0,836-842,LYSVVVT,7,3,0.12,0.188,42.85714286,Y,5.142857142857143,70.0
E.coli,L-asparaginase,149,HLA-A*02:01,FNLYNAVVTA,10,0.466,14.52,NetMHCpan,Cytotoxic T-cells,PTPRB,26.0,57.0,7.0,4.0,1013-1019,LYSVTVT,7,5,0.97,0.204,71.42857143,Y,3.7142857142857144,70.0
E.coli,L-asparaginase,149,HLA-A*02:01,FNLYNAVVTA,10,0.466,14.52,NetMHCpan,Cytotoxic T-cells,RTN3,38.0,78.0,9.0,7.0,166-173,FNSYNVVT,8,5,1.01,0.299,62.5,Y,4.222222222222222,90.0
E.coli,L-asparaginase,149,HLA-A*02:01,FNLYNAVVTA,10,0.466,14.52,NetMHCpan,Cytotoxic T-cells,WDR81,37.0,60.0,10.0,6.0,1875-1884,FDLYGSEVVT,10,5,1.58,0.11,50.0,Y,3.7,100.0
E.coli,L-asparaginase,238,DRB1_0401,IVYNYANASDLPAKA,15,0.07,41.01,NetMHCIIpan,Helper T-cells,PRR18,,,,,225-239,SPRPGALRPMLKVSL,15,12,2.02,0.198,80.0,N,,
E.coli,L-asparaginase,238,DRB1_0401,IVYNYANASDLPAKA,15,0.07,41.01,NetMHCIIpan,Helper T-cells,CACNG2,44.0,64.0,14.0,9.0,154-166,IVYISANAGDPSK,13,6,0.08,0.449,46.15384615,Y,3.142857142857143,93.33333333333333
E.coli,L-asparaginase,238,DRB1_0401,IVYNYANASDLPAKA,15,0.07,41.01,NetMHCIIpan,Helper T-cells,DOCK11,42.0,60.0,15.0,9.0,1553-1566,IINNFANSDRPMKA,14,7,0.97,0.377,50.0,Y,2.8,100.0
E.coli,L-asparaginase,238,DRB1_0401,IVYNYANASDLPAKA,15,0.07,41.01,NetMHCIIpan,Helper T-cells,DOCK11,23.0,67.0,6.0,4.0,1024-1029,NYSLAS,6,6,0.11,0.951,100.0,Y,3.8333333333333335,40.0
E.coli,L-asparaginase,238,DRB1_0401,IVYNYANASDLPAKA,15,0.07,41.01,NetMHCIIpan,Helper T-cells,NWD2,40.0,53.0,15.0,8.0,396-406,IVHNYILPSKA,11,6,0.14,0.509,54.54545455,Y,2.6666666666666665,100.0
EBV,gp110,77,HLA-A*11:01,HTEGLLMVFK,10,0.483,27.63,NetMHCpan,Cytotoxic T-cells,GIMAP8,,,,,343-352,VLSTIQNNFG,10,4,2.16,0.042,40.0,N,,
EBV,gp110,77,HLA-A*11:01,HTEGLLMVFK,10,0.483,27.63,NetMHCpan,Cytotoxic T-cells,HSPA6,,,,,136-145,YLGQPVKHAV,10,9,2.37,0.344,90.0,N,,
EBV,gp110,77,HLA-A*11:01,HTEGLLMVFK,10,0.483,27.63,NetMHCpan,Cytotoxic T-cells,HSPA8,,,,,134-143,YLGKTVTNAV,10,9,2.39,0.333,90.0,N,,
EBV,gp110,77,HLA-A*11:01,HTEGLLMVFK,10,0.483,27.63,NetMHCpan,Cytotoxic T-cells,HSPA1L,,,,,136-145,FLGHPVTNAV,10,9,2.39,0.348,90.0,N,,
EBV,gp110,77,HLA-A*11:01,HTEGLLMVFK,10,0.483,27.63,NetMHCpan,Cytotoxic T-cells,HSPA5,,,,,160-169,YLGKKVTHAV,10,9,2.4,0.371,90.0,N,,
EBV,gp110,77,HLA-A*11:01,HTEGLLMVFK,10,0.483,27.63,NetMHCpan,Cytotoxic T-cells,ARFGEF3,42.0,67.0,9.0,6.0,773-781,QTSGVLMVF,9,6,1.6,0.263,66.66666667,Y,4.666666666666667,90.0
EBV,gp110,77,HLA-A*11:01,HTEGLLMVFK,10,0.483,27.63,NetMHCpan,Cytotoxic T-cells,CLSTN2,40.0,50.0,14.0,7.0,344-357,TAGLLVDSSEMIFK,14,10,3.32,0.251,100.0,N,2.857142857142857,100.0
EBV,gp110,77,HLA-A*11:01,HTEGLLMVFK,10,0.483,27.63,NetMHCpan,Cytotoxic T-cells,CTNNB1,44.0,70.0,10.0,7.0,224-233,HREGLLAIFK,10,6,1.64,0.153,60.0,Y,4.4,100.0
EBV,gp110,77,HLA-A*11:01,HTEGLLMVFK,10,0.483,27.63,NetMHCpan,Cytotoxic T-cells,FLG,54.0,89.0,9.0,8.0,71-79,TEFLLMVFK,9,6,1.85,0.152,66.66666667,Y,6.0,90.0
EBV,gp110,77,HLA-A*11:01,HTEGLLMVFK,10,0.483,27.63,NetMHCpan,Cytotoxic T-cells,FLG2,49.0,78.0,9.0,7.0,72-80,TEFLLMIFK,9,6,1.84,0.121,66.66666667,Y,5.444444444444445,90.0
EBV,gp110,77,HLA-A*11:01,HTEGLLMVFK,10,0.483,27.63,NetMHCpan,Cytotoxic T-cells,HRNR,44.0,78.0,9.0,7.0,72-80,TEYLLMIFK,9,6,1.82,0.121,66.66666667,Y,4.888888888888889,90.0
EBV,gp110,77,HLA-A*11:01,HTEGLLMVFK,10,0.483,27.63,NetMHCpan,Cytotoxic T-cells,JUP,44.0,70.0,10.0,7.0,215-224,HREGLLAIFK,10,6,1.14,0.162,60.0,Y,4.4,100.0
EBV,gp110,77,HLA-A*11:01,HTEGLLMVFK,10,0.483,27.63,NetMHCpan,Cytotoxic T-cells,R3HCC1L,47.0,78.0,9.0,7.0,642-650,HTEDLLREVF,10,5,1.03,0.129,50.0,Y,5.222222222222222,90.0
EBV,gp110,77,HLA-A*11:01,HTEGLLMVFK,10,0.483,27.63,NetMHCpan,Cytotoxic T-cells,RORA,39.0,70.0,10.0,7.0,484-492,HTEKLMAFK,9,3,0.68,0.118,33.33333333,Y,3.9,100.0
EBV,gp110,77,HLA-A*11:01,HTEGLLMVFK,10,0.483,27.63,NetMHCpan,Cytotoxic T-cells,SLITRK2,42.0,47.0,17.0,8.0,613-629,HTEVPLSVLILGLLVVF,17,10,1.73,0.1,100.0,Y,2.4705882352941178,100.0
EBV,gp110,77,HLA-A*11:01,HTEGLLMVFK,10,0.483,27.63,NetMHCpan,Cytotoxic T-cells,SYCE1L,39.0,70.0,10.0,7.0,28-37,TEDLLAMVIK,10,6,1.75,0.119,60.0,Y,3.9,100.0
EBV,gp110,722,DRB1_1501,VSGFISFFKNPFGGM,15,0.28,12.88,NetMHCIIpan,Helper T-cells,KIF26B,,,,,345-359,GLTEAVLNRYNADKP,15,5,2.81,0.032,33.33333333,N,,
EBV,gp110,722,DRB1_1501,VSGFISFFKNPFGGM,15,0.28,12.88,NetMHCIIpan,Helper T-cells,PRR18,,,,,225-239,SPRPGALRPMLKVSL,15,7,2.52,0.24522,46.66666667,N,,
EBV,gp110,722,DRB1_1501,VSGFISFFKNPFGGM,15,0.28,12.88,NetMHCIIpan,Helper T-cells,ITPR2,41.0,58.0,12.0,7.0,1487-1495,VSGFFNSPF,9,9,0.77,0.611,100.0,Y,3.4166666666666665,80.0
EBV,gp110,722,DRB1_1501,VSGFISFFKNPFGGM,15,0.28,12.88,NetMHCIIpan,Helper T-cells,ITPR2,36.0,83.0,6.0,5.0,23-28,VNGFIS,6,6,1.19,0.265,100.0,Y,6.0,40.0
EBV,gp110,722,DRB1_1501,VSGFISFFKNPFGGM,15,0.28,12.88,NetMHCIIpan,Helper T-cells,ITPR2,22.0,50.0,6.0,3.0,161-166,FYIHPF,6,6,1.01,0.363,100.0,Y,3.6666666666666665,40.0
EBV,gp110,722,DRB1_1501,VSGFISFFKNPFGGM,15,0.28,12.88,NetMHCIIpan,Helper T-cells,ITPR2,21.0,57.0,7.0,4.0,1588-1594,FKEALGG,7,6,1.2,0.55,85.71428571,Y,3.0,46.666666666666664
EBV,gp110,722,DRB1_1501,VSGFISFFKNPFGGM,15,0.28,12.88,NetMHCIIpan,Helper T-cells,OR52N1,42.0,50.0,14.0,7.0,255-268,VPAFFTFFTHHFGG,14,12,1.2,0.489,85.71428571,Y,3.0,93.33333333333333
EBV,gp110,722,DRB1_1501,VSGFISFFKNPFGGM,15,0.28,12.88,NetMHCIIpan,Helper T-cells,OR52N1,25.0,56.0,9.0,5.0,104-112,FFVHTFTGM,9,9,0.55,0.603,100.0,Y,2.7777777777777777,60.0
M.tuberculosis,hsp65,509,HLA-A*02:01,GLFLTTEAV,9,0.329,32.23,NetMHCpan,Cytotoxic T-cells,ISCA1,,,,,19-27,QPTRAALTL,9,7,2.32,0.388,77.77777778,N,,
M.tuberculosis,hsp65,509,HLA-A*02:01,GLFLTTEAV,9,0.329,32.23,NetMHCpan,Cytotoxic T-cells,CNTNAP4,,,,,437-445,IYSGGTYYF,9,7,2.12,0.265,77.77777778,N,,
M.tuberculosis,hsp65,509,HLA-A*02:01,GLFLTTEAV,9,0.329,32.23,NetMHCpan,Cytotoxic T-cells,DENND4B,,,,,2026-11-19 00:00:00,AMAEERPPR,9,7,2.46,0.116,77.77777778,N,,
M.tuberculosis,hsp65,509,HLA-A*02:01,GLFLTTEAV,9,0.329,32.23,NetMHCpan,Cytotoxic T-cells,SEZ6,,,,,549-557,YPVGTTVEF,9,7,2.0,0.168,77.77777778,N,,
M.tuberculosis,hsp65,509,HLA-A*02:01,GLFLTTEAV,9,0.329,32.23,NetMHCpan,Cytotoxic T-cells,ABHD13,38.0,67.0,9.0,6.0,164-172,GLYLDSEAV,9,6,0.15,0.61,66.66666667,Y,4.222222222222222,100.0
M.tuberculosis,hsp65,509,HLA-A*02:01,GLFLTTEAV,9,0.329,32.23,NetMHCpan,Cytotoxic T-cells,ECSCR,41.0,78.0,9.0,7.0,40-48,GLSLTTEPV,9,6,1.16,0.265,66.66666667,Y,4.555555555555555,100.0
M.tuberculosis,hsp65,261,HLA-A*11:01,VVNKIRGTFK,10,0.329,32.23,NetMHCpan,Cytotoxic T-cells,PNLIPRP3,,,,,193-202,AGPFFHNTPK,10,7,2.18,0.264,70.0,N,,
M.tuberculosis,hsp65,261,HLA-A*11:01,VVNKIRGTFK,10,0.329,32.23,NetMHCpan,Cytotoxic T-cells,VEPH1,,,,,790-799,IFTDNKTYVF,10,6,2.35,0.249,60.0,N,,
M.tuberculosis,hsp65,261,HLA-A*11:01,VVNKIRGTFK,10,0.329,32.23,NetMHCpan,Cytotoxic T-cells,ADGRF1,43.0,57.0,14.0,8.0,144-157,VNFCERTKIWGTFK,14,7,3.15,0.10913,70.0,N,3.0714285714285716,100.0
M.tuberculosis,hsp65,261,HLA-A*11:01,VVNKIRGTFK,10,0.329,32.23,NetMHCpan,Cytotoxic T-cells,AFG3L2,39.0,64.0,11.0,7.0,190-200,VVNKRFVRVTF,11,6,0.79,0.262,60.0,Y,3.5454545454545454,100.0
M.tuberculosis,hsp65,261,HLA-A*11:01,VVNKIRGTFK,10,0.329,32.23,NetMHCpan,Cytotoxic T-cells,FAM83H,37.0,78.0,9.0,7.0,1168-1176,VPKILGTFK,9,3,0.29,0.258,33.33333333,Y,4.111111111111111,90.0
M.tuberculosis,hsp65,261,HLA-A*11:01,VVNKIRGTFK,10,0.329,32.23,NetMHCpan,Cytotoxic T-cells,GALM,40.0,64.0,11.0,7.0,79-89,VANRIAKGTFK,11,4,0.6,0.168,40.0,Y,3.6363636363636362,100.0
M.tuberculosis,hsp65,261,HLA-A*11:01,VVNKIRGTFK,10,0.329,32.23,NetMHCpan,Cytotoxic T-cells,PECR,38.0,60.0,10.0,6.0,289-298,VVKKMKETFK,10,7,0.1,0.674,70.0,Y,3.8,100.0
M.tuberculosis,hsp65,261,HLA-A*11:01,VVNKIRGTFK,10,0.329,32.23,NetMHCpan,Cytotoxic T-cells,SNRPB2,40.0,56.0,9.0,5.0,90-96,IISKMRG,7,7,0.12,0.947,100.0,Y,4.444444444444445,90.0
M.tuberculosis,hsp65,261,HLA-A*11:01,VVNKIRGTFK,10,0.329,32.23,NetMHCpan,Cytotoxic T-cells,ST3GAL1,37.0,67.0,9.0,6.0,331-338,INKIRIFK,8,5,0.24,0.526,62.5,Y,4.111111111111111,90.0
M.tuberculosis,hsp65,261,HLA-A*11:01,VVNKIRGTFK,10,0.329,32.23,NetMHCpan,Cytotoxic T-cells,TAS2R9,47.0,78.0,9.0,7.0,171-179,VSKIPGTFK,9,5,0.39,0.45,55.55555556,Y,5.222222222222222,90.0
M.tuberculosis,hsp65,261,HLA-A*11:01,VVNKIRGTFK,10,0.329,32.23,NetMHCpan,Cytotoxic T-cells,TMPO,38.0,60.0,10.0,6.0,294-303,VVNRVTGNFK,10,3,0.32,0.216,30.0,Y,3.8,100.0
M.tuberculosis,hsp65,261,HLA-A*11:01,VVNKIRGTFK,10,0.329,32.23,NetMHCpan,Cytotoxic T-cells,TNFRSF21,41.0,86.0,7.0,6.0,490-496,VVEKIRG,7,7,0.16,0.91,100.0,Y,5.857142857142857,70.0
M.tuberculosis,hsp65,261,HLA-A*11:01,VVNKIRGTFK,10,0.329,32.23,NetMHCpan,Cytotoxic T-cells,XNDC1N,38.0,70.0,10.0,7.0,171-179,VLNKIREFK,9,7,0.14,0.722,77.77777778,Y,3.8,100.0
M.tuberculosis,hsp65,508,DRB1_0701,AGLFLTTEAVVADKP,15,0.2,33.55,NetMHCIIpan,Helper T-cells,KIF26B,43.0,56.0,18.0,10.0,345-359,GLTEAVLNRYNADKP,15,8,1.68,0.186,53.33333333,Y,2.388888888888889,100.0
M.tuberculosis,hsp65,508,DRB1_0701,AGLFLTTEAVVADKP,15,0.2,33.55,NetMHCIIpan,Helper T-cells,KIF26B,23.0,67.0,6.0,4.0,161-166,AVIHDK,6,6,0.16,0.914,100.0,Y,3.8333333333333335,40.0
P.copri,Molecular Chaperone Dnak,127,HLA-A*02:01,YLGQEVTDAV,10,0.395,11.75,NetMHCpan,Cytotoxic T-cells,ANKRD52,40.0,70.0,10.0,7.0,248-254,YLGQDAV,7,5,0.84,0.41,71.42857143,Y,4.0,100.0
P.copri,Molecular Chaperone Dnak,127,HLA-A*02:01,YLGQEVTDAV,10,0.395,11.75,NetMHCpan,Cytotoxic T-cells,CFTR,44.0,80.0,10.0,8.0,89-97,YLGEVTKAV,9,3,0.06,0.328,33.33333333,Y,4.4,100.0
P.copri,Molecular Chaperone Dnak,127,HLA-A*02:01,YLGQEVTDAV,10,0.395,11.75,NetMHCpan,Cytotoxic T-cells,CPOX,40.0,70.0,10.0,7.0,287-294,YLNQEDAV,8,6,1.51,0.323,75.0,Y,4.0,100.0
P.copri,Molecular Chaperone Dnak,127,HLA-A*02:01,YLGQEVTDAV,10,0.395,11.75,NetMHCpan,Cytotoxic T-cells,EML6,40.0,67.0,9.0,6.0,1846-1854,LGKQVTEAV,9,9,1.78,0.497,100.0,Y,4.444444444444445,90.0
P.copri,Molecular Chaperone Dnak,127,HLA-A*02:01,YLGQEVTDAV,10,0.395,11.75,NetMHCpan,Cytotoxic T-cells,GRK3,38.0,71.0,7.0,5.0,519-525,QEVTETV,7,5,0.57,0.4,71.42857143,Y,5.428571428571429,70.0
P.copri,Molecular Chaperone Dnak,127,HLA-A*02:01,YLGQEVTDAV,10,0.395,11.75,NetMHCpan,Cytotoxic T-cells,GRK3,21.0,50.0,6.0,3.0,356-361,YMAPEV,6,4,0.54,0.324,66.66666667,Y,3.5,60.0
P.copri,Molecular Chaperone Dnak,127,HLA-A*02:01,YLGQEVTDAV,10,0.395,11.75,NetMHCpan,Cytotoxic T-cells,HSPA1L,40.0,60.0,10.0,6.0,136-145,FLGHPVTNAV,10,10,0.15,0.927,100.0,Y,4.0,100.0
P.copri,Molecular Chaperone Dnak,127,HLA-A*02:01,YLGQEVTDAV,10,0.395,11.75,NetMHCpan,Cytotoxic T-cells,HSPA5,39.0,70.0,10.0,7.0,160-169,YLGKKVTHAV,10,10,0.1,0.963,100.0,Y,3.9,100.0
P.copri,Molecular Chaperone Dnak,127,HLA-A*02:01,YLGQEVTDAV,10,0.395,11.75,NetMHCpan,Cytotoxic T-cells,HSPA6,39.0,70.0,10.0,7.0,136-145,YLGQPVKHAV,10,10,0.11,0.952,100.0,Y,3.9,100.0
P.copri,Molecular Chaperone Dnak,127,HLA-A*02:01,YLGQEVTDAV,10,0.395,11.75,NetMHCpan,Cytotoxic T-cells,HSPA8,43.0,70.0,10.0,7.0,134-143,YLGKTVTNAV,10,10,0.14,0.934,100.0,Y,4.3,100.0
P.copri,Molecular Chaperone Dnak,127,HLA-A*02:01,YLGQEVTDAV,10,0.395,11.75,NetMHCpan,Cytotoxic T-cells,MYOM2,47.0,67.0,12.0,8.0,927-938,YLGFDCQEMTDA,12,4,0.35,0.224,40.0,Y,3.9166666666666665,100.0
P.copri,Molecular Chaperone Dnak,263,DRB1_0701,KIELSSSTSTEINLP,15,0.33,43.18,NetMHCIIpan,Helper T-cells,CDKN2AIP,44.0,53.0,17.0,9.0,288-304,IEVPLLGSSGSSEVELP,17,9,1.8,0.189,60.0,Y,2.588235294117647,100.0
P.copri,Molecular Chaperone Dnak,263,DRB1_0701,KIELSSSTSTEINLP,15,0.33,43.18,NetMHCIIpan,Helper T-cells,CDKN2AIP,32.0,83.0,6.0,5.0,350-355,SSSTNT,6,6,0.81,0.543,100.0,Y,5.333333333333333,40.0
P.copri,Molecular Chaperone Dnak,263,DRB1_0701,KIELSSSTSTEINLP,15,0.33,43.18,NetMHCIIpan,Helper T-cells,CDKN2AIP,28.0,86.0,7.0,6.0,400-406,SSSQTST,7,7,1.3,0.31,100.0,Y,4.0,46.666666666666664
P.copri,Molecular Chaperone Dnak,263,DRB1_0701,KIELSSSTSTEINLP,15,0.33,43.18,NetMHCIIpan,Helper T-cells,CDKN2AIP,21.0,83.0,6.0,5.0,375-380,SSSQTS,6,6,1.04,0.383,100.0,Y,3.5,40.0
P.copri,Molecular Chaperone Dnak,263,DRB1_0701,KIELSSSTSTEINLP,15,0.33,43.18,NetMHCIIpan,Helper T-cells,DCLK2,43.0,57.0,14.0,8.0,104-117,IELTRSLSDNVNLP,14,9,1.27,0.309,64.28571429,Y,3.0714285714285716,93.33333333333333
P.copri,Molecular Chaperone Dnak,263,DRB1_0701,KIELSSSTSTEINLP,15,0.33,43.18,NetMHCIIpan,Helper T-cells,HSPA9,66.0,73.0,15.0,11.0,316-330,KCELSSSVQTDINLP,15,15,0.16,0.911,100.0,Y,4.4,100.0
P.copri,Molecular Chaperone Dnak,263,DRB1_0701,KIELSSSTSTEINLP,15,0.33,43.18,NetMHCIIpan,Helper T-cells,NTSC1B,26.0,45.0,11.0,5.0,140-148,SRNTSAKLP,9,6,1.45,0.254,66.66666667,Y,2.3636363636363638,73.33333333333333
P.mirabilis,Hemolysin,680,HLA-A*11:01,TSLAITGHAK,10,0.395,26.82,NetMHCpan,Cytotoxic T-cells,JUP,,,,,215-224,HREGLLAIFK,10,7,2.98,0.15,70.0,N,,
P.mirabilis,Hemolysin,680,HLA-A*11:01,TSLAITGHAK,10,0.395,26.82,NetMHCpan,Cytotoxic T-cells,SYCE1L,,,,,28-37,TEDLLAMVIK,10,7,2.95,0.14,70.0,N,,
P.mirabilis,Hemolysin,680,HLA-A*11:01,TSLAITGHAK,10,0.395,26.82,NetMHCpan,Cytotoxic T-cells,CTNNB1,,,,,224-233,HREGLLAIFK,10,7,2.94,0.172,70.0,N,,
P.mirabilis,Hemolysin,680,HLA-A*11:01,TSLAITGHAK,10,0.395,26.82,NetMHCpan,Cytotoxic T-cells,CRNN,34.0,70.0,10.0,7.0,278-287,TSQAVTGGHA,10,9,1.13,0.287,90.0,Y,3.4,100.0
P.mirabilis,Hemolysin,680,HLA-A*11:01,TSLAITGHAK,10,0.395,26.82,NetMHCpan,Cytotoxic T-cells,CRNN,29.0,71.0,7.0,5.0,338-344,TSQAVTG,7,7,1.18,0.372,100.0,Y,4.142857142857143,70.0
P.mirabilis,Hemolysin,680,HLA-A*11:01,TSLAITGHAK,10,0.395,26.82,NetMHCpan,Cytotoxic T-cells,DSCAML1,45.0,70.0,10.0,7.0,797-806,TTIAIKGHAK,10,5,0.42,0.3,50.0,Y,4.5,100.0
P.mirabilis,Hemolysin,324,DRB1_0404,GKNITLVASSHNQIK,15,0.43,30.12,NetMHCIIpan,Helper T-cells,OMD,41.0,57.0,14.0,8.0,118-128,KEINLSHNKIK,11,8,1.48,0.361,72.72727273,Y,2.9285714285714284,93.33333333333333
P.mirabilis,Hemolysin,324,DRB1_0404,GKNITLVASSHNQIK,15,0.43,30.12,NetMHCIIpan,Helper T-cells,PRCP,40.0,57.0,14.0,8.0,413-422,DKNISSHTNI,10,6,3.07,0.213,60.0,N,2.857142857142857,93.33333333333333
P.mirabilis,Hemolysin,324,DRB1_0404,GKNITLVASSHNQIK,15,0.43,30.12,NetMHCIIpan,Helper T-cells,PRCP,33.0,67.0,9.0,6.0,439-447,KDITDTLVA,9,4,0.26,0.353,44.44444444,Y,3.6666666666666665,60.0
P.mirabilis,Hemolysin,324,DRB1_0404,GKNITLVASSHNQIK,15,0.43,30.12,NetMHCIIpan,Helper T-cells,PRUNE2,42.0,73.0,11.0,8.0,101-111,GKLSITLVGSS,11,6,0.48,0.334,54.54545455,Y,3.8181818181818183,73.33333333333333
P.mirabilis,Hemolysin,324,DRB1_0404,GKNITLVASSHNQIK,15,0.43,30.12,NetMHCIIpan,Helper T-cells,ZNF121,40.0,56.0,16.0,9.0,290-304,GKAFTVSSSLHNHVK,15,11,1.21,0.278,73.33333333,Y,2.5,100.0
P.mirabilis,Hemolysin,324,DRB1_0404,GKNITLVASSHNQIK,15,0.43,30.12,NetMHCIIpan,Helper T-cells,ZNF121,28.0,83.0,6.0,5.0,351-356,ASSHLQ,6,4,0.68,0.269,66.66666667,Y,4.666666666666667,40.0
HTLV-1,Tax Protein,219,HLA-B*07:02,QPARAPVTL,9,0.02,41.67,NetMHCpan,Cytotoxic T-cells,GRIA4,,,,,821-829,LVGGLGLAM,9,4,2.0,0.049,44.44444444,N,,
HTLV-1,Tax Protein,219,HLA-B*07:02,QPARAPVTL,9,0.02,41.67,NetMHCpan,Cytotoxic T-cells,CCDCP28B,43.0,78.0,9.0,7.0,16-24,QPAQAPGTL,9,6,1.47,0.188,66.66666667,Y,4.777777777777778,100.0
HTLV-1,Tax Protein,219,HLA-B*07:02,QPARAPVTL,9,0.02,41.67,NetMHCpan,Cytotoxic T-cells,FOXK1,40.0,78.0,9.0,7.0,605-612,QPATPVTL,8,5,1.1,0.231,62.5,Y,4.444444444444445,100.0
HTLV-1,Tax Protein,219,HLA-B*07:02,QPARAPVTL,9,0.02,41.67,NetMHCpan,Cytotoxic T-cells,GALECTIN-12,45.0,78.0,9.0,7.0,246-254,QAAHAPVTL,9,6,1.01,0.349,66.66666667,Y,5.0,100.0
HTLV-1,Tax Protein,219,HLA-B*07:02,QPARAPVTL,9,0.02,41.67,NetMHCpan,Cytotoxic T-cells,ISCA1,39.0,67.0,9.0,6.0,19-27,QPTRAALTL,9,6,1.61,0.366,66.66666667,Y,4.333333333333333,100.0
HTLV-1,Tax Protein,219,HLA-B*07:02,QPARAPVTL,9,0.02,41.67,NetMHCpan,Cytotoxic T-cells,NAA,41.0,78.0,9.0,7.0,304-311,QPRPPVTL,8,5,1.62,0.288,62.5,Y,4.555555555555555,100.0
HTLV-1,Tax Protein,219,HLA-B*07:02,QPARAPVTL,9,0.02,41.67,NetMHCpan,Cytotoxic T-cells,RBPJ,39.0,67.0,9.0,6.0,420-428,QPVQVPVTL,9,4,0.12,0.42,44.44444444,Y,4.333333333333333,100.0
HTLV-1,Tax Protein,219,HLA-B*07:02,QPARAPVTL,9,0.02,41.67,NetMHCpan,Cytotoxic T-cells,SH3,42.0,88.0,8.0,7.0,1499-1505,QPRAPVT,7,6,1.27,0.284,85.71428571,Y,5.25,88.88888888888889
HTLV-1,Tax Protein,219,HLA-B*07:02,QPARAPVTL,9,0.02,41.67,NetMHCpan,Cytotoxic T-cells,SH3,25.0,67.0,6.0,4.0,1202-1505,PAMSPVQPRAPVT,13,4,1.11,0.079,44.44444444,Y,4.166666666666667,66.66666666666666
HTLV-1,Tax Protein,219,HLA-B*07:02,QPARAPVTL,9,0.02,41.67,NetMHCpan,Cytotoxic T-cells,TFIID,37.0,70.0,10.0,7.0,60-69,QPLRSPVGTL,10,6,1.32,0.244,66.66666667,Y,3.7,100.0
HTLV-1,Tax Protein,219,HLA-B*07:02,QPARAPVTL,9,0.02,41.67,NetMHCpan,Cytotoxic T-cells,TJAP1,38.0,67.0,9.0,6.0,389-397,QPSPAPLTL,9,5,1.58,0.157,55.55555556,Y,4.222222222222222,100.0
HTLV-1,Tax Protein,219,HLA-B*07:02,QPARAPVTL,9,0.02,41.67,NetMHCpan,Cytotoxic T-cells,TRIM47,38.0,67.0,9.0,6.0,14-22,EPLREPVTL,9,6,1.08,0.384,66.66666667,Y,4.222222222222222,100.0
HTLV-1,Tax Protein,231,DRB1_1501,QNGLLPFHSTLTTPG,15,0.16,0.25,NetMHCIIpan,Helper T-cells,KIF26B,,,,,345-359,GLTEAVLNRYNADKP,15,8,3.03,0.113,53.33333333,N,,
HTLV-1,Tax Protein,231,DRB1_1501,QNGLLPFHSTLTTPG,15,0.16,0.25,NetMHCIIpan,Helper T-cells,PHKA5,43.0,70.0,10.0,7.0,410-419,LPRHSTLSSP,10,7,1.33,0.214,70.0,Y,4.3,66.66666666666666
HTLV-1,Tax Protein,231,DRB1_1501,QNGLLPFHSTLTTPG,15,0.16,0.25,NetMHCIIpan,Helper T-cells,PHKA5,37.0,70.0,10.0,7.0,617-623,QNGLLST,7,3,0.1,0.411,42.85714286,Y,3.7,66.66666666666666
P.gingivalis,Peptidyleminase,243,HLA-A*02:01,YLAPNKILI,9,0.06,18.38,NetMHCpan,Cytotoxic T-cells,DENND4B,,,,,2026-11-19 00:00:00,AMAEERPPR,9,7,2.55,0.242,77.77777778,N,,
P.gingivalis,Peptidyleminase,243,HLA-A*02:01,YLAPNKILI,9,0.06,18.38,NetMHCpan,Cytotoxic T-cells,CLCC1,44.0,78.0,9.0,7.0,100-106,YLNKILI,7,5,1.12,0.389,71.42857143,Y,4.888888888888889,100.0
P.gingivalis,Peptidyleminase,243,HLA-A*02:01,YLAPNKILI,9,0.06,18.38,NetMHCpan,Cytotoxic T-cells,Na-K ATPase,30.0,46.0,13.0,6.0,504-516,YLLVMKGAPERIL,13,4,0.35,0.21,44.44444444,Y,2.3076923076923075,100.0
P.gingivalis,Peptidyleminase,243,HLA-A*02:01,YLAPNKILI,9,0.06,18.38,NetMHCpan,Cytotoxic T-cells,PCDHGA10,39.0,67.0,9.0,6.0,331-339,YLATAKVLI,9,5,0.57,0.406,55.55555556,Y,4.333333333333333,100.0
P.gingivalis,Peptidyleminase,243,HLA-A*02:01,YLAPNKILI,9,0.06,18.38,NetMHCpan,Cytotoxic T-cells,WD,36.0,75.0,8.0,6.0,160-165,YLNKIL,6,6,0.79,0.52,100.0,Y,4.5,88.88888888888889
P.gingivalis,Peptidyleminase,433,DRB1_0401,VEYYISAADNSGRKE,15,0.0,0.43,NetMHCIIpan,Helper T-cells,PRR18,,,,,225-239,SPRPGALRPMLKVSL,15,10,2.3,0.139,66.66666667,N,,
P.gingivalis,Peptidyleminase,433,DRB1_0401,VEYYISAADNSGRKE,15,0.0,0.43,NetMHCIIpan,Helper T-cells,NDNF,43.0,58.0,12.0,7.0,133-144,VEYFISSSSPSG,12,8,1.12,0.29,66.66666667,Y,3.5833333333333335,80.0
P.gingivalis,Peptidyleminase,433,DRB1_0401,VEYYISAADNSGRKE,15,0.0,0.43,NetMHCIIpan,Helper T-cells,NDNF,33.0,86.0,7.0,6.0,260-265,DNSGKE,6,3,0.21,0.428,50.0,Y,4.714285714285714,46.666666666666664
A.johnsonii,Aldehyde dehydrogenase,231,HLA-B*35:01,SPAVIDPEY,9,0.005,7.23,NetMHCpan,Cytotoxic T-cells,DNAH14,41.0,70.0,10.0,7.0,3999-4008,SPNVTIDPEF,10,6,0.66,0.413,66.66666667,Y,4.1,100.0
A.johnsonii,Aldehyde dehydrogenase,47,DRB1_0301,LKALINDHREAIIEA,15,0.07,25.02,NetMHCIIpan,Helper T-cells,PRR18,,,,,225-239,SPRPGALRPMLKVSL,15,11,2.65,0.174,73.33333333,N,,
A.johnsonii,Aldehyde dehydrogenase,47,DRB1_0301,LKALINDHREAIIEA,15,0.07,25.02,NetMHCIIpan,Helper T-cells,KIF26B,,,,,345-359,GLTEAVLNRYNADKP,15,7,2.82,0.099,46.66666667,N,,
A.johnsonii,Aldehyde dehydrogenase,47,DRB1_0301,LKALINDHREAIIEA,15,0.07,25.02,NetMHCIIpan,Helper T-cells,CCDC88A,51.0,53.0,17.0,9.0,197-213,LKRLIDERDEHSETIIE,17,9,1.28,0.456,60.0,Y,3.0,100.0
A.johnsonii,Aldehyde dehydrogenase,47,DRB1_0301,LKALINDHREAIIEA,15,0.07,25.02,NetMHCIIpan,Helper T-cells,CCDC88A,32.0,50.0,12.0,6.0,1149-1160,LKSLYDSLIKDH,12,8,0.17,0.602,66.66666667,Y,2.6666666666666665,80.0
A.johnsonii,Aldehyde dehydrogenase,47,DRB1_0301,LKALINDHREAIIEA,15,0.07,25.02,NetMHCIIpan,Helper T-cells,CEP295,45.0,50.0,22.0,11.0,1351-1372,LKALQEQLATQREAIILARQEA,22,9,0.41,0.318,60.0,Y,2.0454545454545454,100.0
A.finegoldii,Mg chelatase subunit ChID,289,HLA-B*07:02,SPRPGEVSL,9,0.001,4.72,NetMHCpan,Cytotoxic T-cells,ADGRA3,,,,,308-316,NLTNAVATA,9,7,2.02,0.505,77.77777778,N,,
A.finegoldii,Mg chelatase subunit ChID,289,HLA-B*07:02,SPRPGEVSL,9,0.001,4.72,NetMHCpan,Cytotoxic T-cells,TASP1,,,,,250-258,VSSGGLALK,9,8,2.39,0.232,88.88888889,N,,
A.finegoldii,Mg chelatase subunit ChID,289,HLA-B*07:02,SPRPGEVSL,9,0.001,4.72,NetMHCpan,Cytotoxic T-cells,KIF14,,,,,205-213,RANENVALK,9,7,2.36,0.18,77.77777778,N,,
A.finegoldii,Mg chelatase subunit ChID,289,HLA-B*07:02,SPRPGEVSL,9,0.001,4.72,NetMHCpan,Cytotoxic T-cells,COL1A1,34.0,54.0,13.0,7.0,522-534,SPGEAGRPGEAGL,13,7,1.63,0.111,77.77777778,Y,2.6153846153846154,100.0
A.finegoldii,Mg chelatase subunit ChID,289,HLA-B*07:02,SPRPGEVSL,9,0.001,4.72,NetMHCpan,Cytotoxic T-cells,HELZ2,38.0,78.0,9.0,7.0,1452-1460,SPRPGPSSL,9,6,1.61,0.197,66.66666667,Y,4.222222222222222,100.0
A.finegoldii,Mg chelatase subunit ChID,289,HLA-B*07:02,SPRPGEVSL,9,0.001,4.72,NetMHCpan,Cytotoxic T-cells,HIVEP3,43.0,75.0,8.0,6.0,166-173,PRPSQVSL,8,6,1.35,0.207,75.0,Y,5.375,88.88888888888889
A.finegoldii,Mg chelatase subunit ChID,289,HLA-B*07:02,SPRPGEVSL,9,0.001,4.72,NetMHCpan,Cytotoxic T-cells,HIVEP3,23.0,67.0,6.0,4.0,2096-2101,SPSAGE,6,6,1.06,0.405,100.0,Y,3.8333333333333335,66.66666666666666
A.finegoldii,Mg chelatase subunit ChID,289,HLA-B*07:02,SPRPGEVSL,9,0.001,4.72,NetMHCpan,Cytotoxic T-cells,PRR18,39.0,53.0,15.0,8.0,225-239,SPRPGALRPMLKVSL,15,5,0.77,0.116,55.55555556,Y,2.6,100.0
A.finegoldii,Mg chelatase subunit ChID,289,HLA-B*07:02,SPRPGEVSL,9,0.001,4.72,NetMHCpan,Cytotoxic T-cells,SPATA13,41.0,57.0,14.0,8.0,336-349,SPRSGAPSPGEASL,14,6,1.41,0.127,66.66666667,Y,2.9285714285714284,100.0
A.finegoldii,Mg chelatase subunit ChID,289,HLA-B*07:02,SPRPGEVSL,9,0.001,4.72,NetMHCpan,Cytotoxic T-cells,SPATA13,29.0,83.0,6.0,5.0,513-518,PGPVSL,6,6,1.62,0.299,100.0,Y,4.833333333333333,66.66666666666666
A.finegoldii,Mg chelatase subunit ChID,289,HLA-B*07:02,SPRPGEVSL,9,0.001,4.72,NetMHCpan,Cytotoxic T-cells,ZNF219,33.0,71.0,7.0,5.0,711-717,RPGEAGL,7,7,1.72,0.459,100.0,Y,4.714285714285714,77.77777777777779
A.finegoldii,Mg chelatase subunit ChID,289,HLA-B*07:02,SPRPGEVSL,9,0.001,4.72,NetMHCpan,Cytotoxic T-cells,ZNF358,44.0,62.0,13.0,8.0,425-437,SPASMMRPGQVSL,13,4,0.46,0.172,44.44444444,Y,3.3846153846153846,100.0
A.finegoldii,Mg chelatase subunit ChID,473,DRB1_0405,DRILKVARTIADLAG,15,0.17,31.37,NetMHCIIpan,Helper T-cells,MPDZ,41.0,60.0,15.0,9.0,300-312,DHILKIGDTDLAG,13,5,1.62,0.07,38.46153846,Y,2.7333333333333334,100.0
A.finegoldii,Mg chelatase subunit ChID,473,DRB1_0405,DRILKVARTIADLAG,15,0.17,31.37,NetMHCIIpan,Helper T-cells,TFRC,44.0,56.0,18.0,10.0,578-595,ERIPELNKVARAAAEVAG,18,12,0.31,0.52,80.0,Y,2.4444444444444446,100.0
B.intestinalis,vWFA,234,HLA-B*35:01,YPVGNTVQY,9,0.001,2.52,NetMHCpan,Cytotoxic T-cells,ABHD13,,,,,164-172,GLYLDSEAV,9,6,2.64,0.259,66.66666667,N,,
B.intestinalis,vWFA,234,HLA-B*35:01,YPVGNTVQY,9,0.001,2.52,NetMHCpan,Cytotoxic T-cells,CCDC92B,,,,,160-168,ATAEPRPRR,9,6,2.03,0.32,66.66666667,N,,
B.intestinalis,vWFA,234,HLA-B*35:01,YPVGNTVQY,9,0.001,2.52,NetMHCpan,Cytotoxic T-cells,CNTNAP4,,,,,437-445,IYSGGTYYF,9,7,2.1,0.4,77.77777778,N,,
B.intestinalis,vWFA,234,HLA-B*35:01,YPVGNTVQY,9,0.001,2.52,NetMHCpan,Cytotoxic T-cells,FLG,,,,,71-79,TEFLLMVFK,9,5,2.21,0.164,55.55555556,N,,
B.intestinalis,vWFA,234,HLA-B*35:01,YPVGNTVQY,9,0.001,2.52,NetMHCpan,Cytotoxic T-cells,OR52N1,,,,,104-112,FFVHTFTGM,9,5,2.02,0.297,55.55555556,N,,
B.intestinalis,vWFA,234,HLA-B*35:01,YPVGNTVQY,9,0.001,2.52,NetMHCpan,Cytotoxic T-cells,RORA,,,,,484-492,HTEKLMAFK,9,6,2.54,0.283,66.66666667,N,,
B.intestinalis,vWFA,234,HLA-B*35:01,YPVGNTVQY,9,0.001,2.52,NetMHCpan,Cytotoxic T-cells,TNFSF12,,,,,24-32,LALGLGLAL,9,6,2.69,0.261,66.66666667,N,,
B.intestinalis,vWFA,234,HLA-B*35:01,YPVGNTVQY,9,0.001,2.52,NetMHCpan,Cytotoxic T-cells,TUBE1,,,,,213-221,SLFDIISKI,9,6,2.64,0.255,66.66666667,N,,
B.intestinalis,vWFA,234,HLA-B*35:01,YPVGNTVQY,9,0.001,2.52,NetMHCpan,Cytotoxic T-cells,ISCA1,,,,,19-27,QPTRAALTL,9,6,2.32,0.341,66.66666667,N,,
B.intestinalis,vWFA,234,HLA-B*35:01,YPVGNTVQY,9,0.001,2.52,NetMHCpan,Cytotoxic T-cells,CLDN18,,,,,34-42,DLYNNPVTA,9,6,2.53,0.171,66.66666667,N,,
B.intestinalis,vWFA,234,HLA-B*35:01,YPVGNTVQY,9,0.001,2.52,NetMHCpan,Cytotoxic T-cells,ANAPC1,,,,,1296-1304,LAAGLALGM,9,6,2.59,0.261,66.66666667,N,,
B.intestinalis,vWFA,234,HLA-B*35:01,YPVGNTVQY,9,0.001,2.52,NetMHCpan,Cytotoxic T-cells,CD55,36.0,56.0,9.0,5.0,119-127,FPVGTVVEY,9,5,0.72,0.298,55.55555556,Y,4.0,100.0
B.intestinalis,vWFA,234,HLA-B*35:01,YPVGNTVQY,9,0.001,2.52,NetMHCpan,Cytotoxic T-cells,CFHR5,37.0,67.0,9.0,6.0,468-476,YPPGSTVTY,9,5,0.74,0.29,55.55555556,Y,4.111111111111111,100.0
B.intestinalis,vWFA,234,HLA-B*35:01,YPVGNTVQY,9,0.001,2.52,NetMHCpan,Cytotoxic T-cells,SEZ6,51.0,78.0,9.0,7.0,789-797,FPVGATVQY,9,5,0.46,,55.55555556,Y,5.666666666666667,100.0
B.intestinalis,vWFA,234,HLA-B*35:01,YPVGNTVQY,9,0.001,2.52,NetMHCpan,Cytotoxic T-cells,SEZ6,46.0,67.0,9.0,6.0,549-557,YPVGTTVEF,9,5,0.65,0.361,55.55555556,Y,5.111111111111111,100.0
B.intestinalis,vWFA,234,HLA-B*35:01,YPVGNTVQY,9,0.001,2.52,NetMHCpan,Cytotoxic T-cells,SEZ6L2,41.0,67.0,9.0,6.0,723-731,FPVGSHVQY,9,5,0.49,0.426,55.55555556,Y,4.555555555555555,100.0
B.intestinalis,vWFA,234,HLA-B*35:01,YPVGNTVQY,9,0.001,2.52,NetMHCpan,Cytotoxic T-cells,SKIC3,38.0,67.0,9.0,6.0,233-238,YPTVQY,6,6,1.75,0.418,100.0,Y,4.222222222222222,100.0
B.intestinalis,vWFA,239,DRB1_0405,TVQYVNMPVEIDEKT,15,0.0,49.85,NetMHCIIpan,Helper T-cells,KIF26B,,,,,345-359,GLTEAVLNRYNADKP,15,13,2.11,0.162,86.66666667,N,,
B.intestinalis,vWFA,239,DRB1_0405,TVQYVNMPVEIDEKT,15,0.0,49.85,NetMHCIIpan,Helper T-cells,PRR18,,,,,225-239,SPRPGALRPMLKVSL,15,12,2.23,0.209,80.0,N,,
B.intestinalis,vWFA,239,DRB1_0405,TVQYVNMPVEIDEKT,15,0.0,49.85,NetMHCIIpan,Helper T-cells,NUP214,48.0,59.0,17.0,10.0,367-382,VDYTNQVEITISDEKT,16,5,0.51,0.17,33.33333333,Y,2.823529411764706,100.0
B.finegoldii,vWFA,486,HLA-B*35:01,IPAGVKNEY,9,0.007,11.11,NetMHCpan,Cytotoxic T-cells,AADACL2,,,,,113-121,GGFCFGSSK,9,9,2.22,0.216,100.0,N,,
B.finegoldii,vWFA,486,HLA-B*35:01,IPAGVKNEY,9,0.007,11.11,NetMHCpan,Cytotoxic T-cells,SOWAHB,,,,,219-227,ATAEEKPAR,9,7,2.5,0.181,77.77777778,N,,
B.finegoldii,vWFA,486,HLA-B*35:01,IPAGVKNEY,9,0.007,11.11,NetMHCpan,Cytotoxic T-cells,ISCA1,,,,,19-27,QPTRAALTL,9,8,3.0,0.317,88.88888889,N,,
B.finegoldii,vWFA,486,HLA-B*35:01,IPAGVKNEY,9,0.007,11.11,NetMHCpan,Cytotoxic T-cells,CNTNAP4,,,,,437-445,IYSGGTYYF,9,7,2.0,0.294,77.77777778,N,,
B.finegoldii,vWFA,486,HLA-B*35:01,IPAGVKNEY,9,0.007,11.11,NetMHCpan,Cytotoxic T-cells,ZNF555,39.0,70.0,10.0,7.0,136-145,IPPGVKQYEY,10,7,1.61,0.308,77.77777778,Y,3.9,100.0
B.finegoldii,vWFA,161,DRB1_0401,LSTFSIDVDPASYSN,15,0.02,0.1,NetMHCIIpan,Helper T-cells,SIRPA,42.0,50.0,18.0,9.0,191-208,LSDFQTNVDPVGESVSYS,18,9,1.37,0.206,60.0,Y,2.3333333333333335,100.0
B.finegoldii,vWFA,161,DRB1_0401,LSTFSIDVDPASYSN,15,0.02,0.1,NetMHCIIpan,Helper T-cells,SIRPB1,50.0,56.0,18.0,10.0,190-207,LSDFQTNVDPAGDSVSYS,18,9,1.43,0.2,60.0,Y,2.7777777777777777,100.0
B.fragilis,hsp70,404,HLA-A*02:01,KLIDANTTI,9,0.03,13.7,NetMHCpan,Cytotoxic T-cells,ABHD13,,,,,164-172,GLYLDSEAV,9,6,2.01,0.295,66.66666667,N,,
B.fragilis,hsp70,404,HLA-A*02:01,KLIDANTTI,9,0.03,13.7,NetMHCpan,Cytotoxic T-cells,CPSF7,,,,,29-37,DLYDDVLTA,9,7,2.01,0.2,77.77777778,N,,
B.fragilis,hsp70,404,HLA-A*02:01,KLIDANTTI,9,0.03,13.7,NetMHCpan,Cytotoxic T-cells,KIF14,,,,,205-213,RANENVALK,9,6,2.22,0.155,66.66666667,N,,
B.fragilis,hsp70,404,HLA-A*02:01,KLIDANTTI,9,0.03,13.7,NetMHCpan,Cytotoxic T-cells,PCYOX1,,,,,120-128,IYNGETLVF,9,7,2.47,0.286,77.77777778,N,,
B.fragilis,hsp70,404,HLA-A*02:01,KLIDANTTI,9,0.03,13.7,NetMHCpan,Cytotoxic T-cells,SOWAHB,,,,,219-227,ATAEEKPAR,9,6,2.26,0.153,66.66666667,N,,
B.fragilis,hsp70,404,HLA-A*02:01,KLIDANTTI,9,0.03,13.7,NetMHCpan,Cytotoxic T-cells,TNFSF12,,,,,24-32,LALGLGLAL,9,6,2.0,0.327,66.66666667,N,,
B.fragilis,hsp70,404,HLA-A*02:01,KLIDANTTI,9,0.03,13.7,NetMHCpan,Cytotoxic T-cells,ADGRA3,,,,,308-316,NLTNAVATA,9,6,2.0,0.285,66.66666667,N,,
B.fragilis,hsp70,404,HLA-A*02:01,KLIDANTTI,9,0.03,13.7,NetMHCpan,Cytotoxic T-cells,ACTL6A,39.0,67.0,9.0,6.0,379-387,KLIANNTTV,9,4,0.39,0.293,44.44444444,Y,4.333333333333333,100.0
B.fragilis,hsp70,404,HLA-A*02:01,KLIDANTTI,9,0.03,13.7,NetMHCpan,Cytotoxic T-cells,FAM111A,38.0,67.0,9.0,6.0,241-249,KLIENNDTI,9,6,1.39,0.181,66.66666667,Y,4.222222222222222,100.0
B.fragilis,hsp70,404,HLA-A*02:01,KLIDANTTI,9,0.03,13.7,NetMHCpan,Cytotoxic T-cells,HSPA9,47.0,78.0,9.0,7.0,456-464,KLINRNTTI,9,9,0.08,0.977,100.0,Y,5.222222222222222,100.0
B.fragilis,hsp70,404,HLA-A*02:01,KLIDANTTI,9,0.03,13.7,NetMHCpan,Cytotoxic T-cells,HSPA9,21.0,67.0,6.0,4.0,58-63,IDLGTT,6,5,0.53,0.486,83.33333333,Y,3.5,66.66666666666666
B.fragilis,hsp70,404,HLA-A*02:01,KLIDANTTI,9,0.03,13.7,NetMHCpan,Cytotoxic T-cells,TJAP1,39.0,67.0,9.0,6.0,150-158,KLLDAKNTI,9,6,0.85,0.25,66.66666667,Y,4.333333333333333,100.0
B.fragilis,hsp70,206,DRB1_0405,GGGVFEVLSTNGDTH,15,0.0,44.37,NetMHCIIpan,Helper T-cells,CDH22,41.0,53.0,15.0,8.0,323-336,GGDVFKVTTDSDTQ,14,10,1.74,0.236,71.42857143,Y,2.7333333333333334,100.0
B.fragilis,hsp70,206,DRB1_0405,GGGVFEVLSTNGDTH,15,0.0,44.37,NetMHCIIpan,Helper T-cells,HSPA8,63.0,77.0,13.0,10.0,215-227,GIFEVKSTAGDTH,13,13,0.46,0.738,100.0,Y,4.846153846153846,86.66666666666667
B.fragilis,hsp70,206,DRB1_0405,GGGVFEVLSTNGDTH,15,0.0,44.37,NetMHCIIpan,Helper T-cells,HSPA8,23.0,71.0,7.0,5.0,407-413,GGVMTVL,7,7,1.16,0.368,100.0,Y,3.2857142857142856,46.666666666666664
B.fragilis,hsp70,206,DRB1_0405,GGGVFEVLSTNGDTH,15,0.0,44.37,NetMHCIIpan,Helper T-cells,POSTN,40.0,57.0,,8.0,317-328,GGAVFETLEGNT,12,9,1.38,0.316,75.0,Y,,
B.thetaiotaomicron , BoRo60,390,HLA-A*11:01,STNGYLVIK,9,0.005,5.81,NetMHCpan,Cytotoxic T-cells,FAM111A,,,,,241-249,KLIENNDTI,9,6,2.21,0.268,66.66666667,N,,
B.thetaiotaomicron , BoRo60,390,HLA-A*11:01,STNGYLVIK,9,0.005,5.81,NetMHCpan,Cytotoxic T-cells,RBPJ,,,,,420-428,QPVQVPVTL,9,7,2.16,0.169,77.77777778,N,,
B.thetaiotaomicron , BoRo60,390,HLA-A*11:01,STNGYLVIK,9,0.005,5.81,NetMHCpan,Cytotoxic T-cells,OSBPL1A,,,,,153-161,DFIFHGSIY,9,7,2.15,0.196,77.77777778,N,,
B.thetaiotaomicron , BoRo60,390,HLA-A*11:01,STNGYLVIK,9,0.005,5.81,NetMHCpan,Cytotoxic T-cells,PCDHB1,35.0,83.0,6.0,5.0,584-589,GYLVTK,6,3,0.39,0.311,50.0,Y,5.833333333333333,66.66666666666666
B.thetaiotaomicron , BoRo60,390,HLA-A*11:01,STNGYLVIK,9,0.005,5.81,NetMHCpan,Cytotoxic T-cells,PCDHB1,34.0,75.0,8.0,6.0,687-693,STKYLVI,7,7,0.88,0.678,100.0,Y,4.25,88.88888888888889
B.thetaiotaomicron , BoRo60,390,HLA-A*11:01,STNGYLVIK,9,0.005,5.81,NetMHCpan,Cytotoxic T-cells,PCDHB1,23.0,71.0,7.0,5.0,255-261,SPNGSLV,7,5,1.03,0.364,71.42857143,Y,3.2857142857142856,77.77777777777779
B.thetaiotaomicron , BoRo60,391,DRB1_0405,TNGYLVIKDLIDRKA,15,0.0,27.84,NetMHCIIpan,Helper T-cells,KIF26B,,,,,345-359,GLTEAVLNRYNADKP,15,9,2.64,0.102,60.0,N,,
B.thetaiotaomicron , BoRo60,391,DRB1_0405,TNGYLVIKDLIDRKA,15,0.0,27.84,NetMHCIIpan,Helper T-cells,GRIK3,47.0,57.0,14.0,8.0,501-512,NGMVKELIDHKA,12,11,0.97,0.662,91.66666667,Y,3.357142857142857,93.33333333333333
C.ochracea,vWFA,404,HLA-A*24:02,IYTNGTYVF,9,0.006,7.41,NetMHCpan,Cytotoxic T-cells,ISCA1,,,,,19-27,QPTRAALTL,9,7,2.45,0.286,77.77777778,N,,
C.ochracea,vWFA,404,HLA-A*24:02,IYTNGTYVF,9,0.006,7.41,NetMHCpan,Cytotoxic T-cells,ATP13A5,43.0,77.0,9.0,7.0,1072-1078,IYTNYIF,7,4,0.19,0.503,57.14285714,Y,4.777777777777778,100.0
C.ochracea,vWFA,404,HLA-A*24:02,IYTNGTYVF,9,0.006,7.41,NetMHCpan,Cytotoxic T-cells,CNTNAP4,40.0,67.0,9.0,6.0,437-445,IYSGGTYYF,9,7,1.28,0.36,77.77777778,Y,4.444444444444445,100.0
C.ochracea,vWFA,404,HLA-A*24:02,IYTNGTYVF,9,0.006,7.41,NetMHCpan,Cytotoxic T-cells,PCYOX1,39.0,83.0,6.0,5.0,399-404,TDGTYV,6,6,0.34,0.735,100.0,Y,6.5,66.66666666666666
C.ochracea,vWFA,404,HLA-A*24:02,IYTNGTYVF,9,0.006,7.41,NetMHCpan,Cytotoxic T-cells,PCYOX1,28.0,70.0,10.0,7.0,120-128,IYNGETLVF,9,6,1.71,0.218,66.66666667,Y,2.8,100.0
C.ochracea,vWFA,404,HLA-A*24:02,IYTNGTYVF,9,0.006,7.41,NetMHCpan,Cytotoxic T-cells,PKD1L1,46.0,78.0,9.0,7.0,511-518,VYTNGTVF,8,4,0.18,0.445,50.0,Y,5.111111111111111,100.0
C.ochracea,vWFA,404,HLA-A*24:02,IYTNGTYVF,9,0.006,7.41,NetMHCpan,Cytotoxic T-cells,VEPH1,41.0,70.0,10.0,7.0,790-799,IFTDNKTYVF,10,6,1.49,0.324,66.66666667,Y,4.1,100.0
C.sputigena,vWFA,130,HLA-C*07:01,YRTKNSYTL,9,0.009,29.8,NetMHCpan,Cytotoxic T-cells,CDH22,,,,,323-336,GGDVFKVTTDSDTQ,14,8,2.25,0.204,88.88888889,N,,
C.sputigena,vWFA,130,HLA-C*07:01,YRTKNSYTL,9,0.009,29.8,NetMHCpan,Cytotoxic T-cells,GRIA4,,,,,821-829,LVGGLGLAM,9,7,2.1,0.185,77.77777778,N,,
C.sputigena,vWFA,130,HLA-C*07:01,YRTKNSYTL,9,0.009,29.8,NetMHCpan,Cytotoxic T-cells,IRF2BP2,,,,,120-128,AAAAERPPR,9,8,2.08,197.0,88.88888889,N,,
C.sputigena,vWFA,130,HLA-C*07:01,YRTKNSYTL,9,0.009,29.8,NetMHCpan,Cytotoxic T-cells,SEZ6,,,,,549-557,YPVGTTVEF,9,8,2.23,0.239,88.88888889,N,,
C.sputigena,vWFA,130,HLA-C*07:01,YRTKNSYTL,9,0.009,29.8,NetMHCpan,Cytotoxic T-cells,SEZ6L2,,,,,723-731,FPVGSHVQY,9,8,2.27,0.255,88.88888889,N,,
C.sputigena,vWFA,130,HLA-C*07:01,YRTKNSYTL,9,0.009,29.8,NetMHCpan,Cytotoxic T-cells,TNFSF12,,,,,24-32,LALGLGLAL,9,7,2.05,0.204,77.77777778,N,,
C.sputigena,vWFA,130,HLA-C*07:01,YRTKNSYTL,9,0.009,29.8,NetMHCpan,Cytotoxic T-cells,CUL1,,,,,681-689,RVNINVPMK,9,9,2.23,0.293,100.0,N,,
C.sputigena,vWFA,130,HLA-C*07:01,YRTKNSYTL,9,0.009,29.8,NetMHCpan,Cytotoxic T-cells,ANO4,39.0,83.0,6.0,5.0,302-307,YRSKNS,6,6,0.66,0.513,100.0,Y,6.5,66.66666666666666
C.sputigena,vWFA,130,HLA-C*07:01,YRTKNSYTL,9,0.009,29.8,NetMHCpan,Cytotoxic T-cells,GOLGA5,43.0,78.0,9.0,7.0,550-556,YRTKNTL,7,3,0.2,0.371,42.85714286,Y,4.777777777777778,100.0
C.sputigena,vWFA,130,HLA-C*07:01,YRTKNSYTL,9,0.009,29.8,NetMHCpan,Cytotoxic T-cells,MLIP,40.0,71.0,7.0,5.0,741-747,YKTKSSY,7,5,0.43,0.477,71.42857143,Y,5.714285714285714,77.77777777777779
C.sputigena,vWFA,130,HLA-C*07:01,YRTKNSYTL,9,0.009,29.8,NetMHCpan,Cytotoxic T-cells,TECTA,38.0,75.0,8.0,6.0,809-816,YRNKNSTT,8,4,0.18,0.442,50.0,Y,4.75,88.88888888888889
C.sputigena,vWFA,405,DRB1_0405,NGNYAYIDNFTEAKK,15,0.0,31.88,NetMHCIIpan,Helper T-cells,RAB9B,40.0,50.0,14.0,7.0,145-156,NGDYPYLETSAK,12,7,0.53,0.362,58.33333333,Y,2.857142857142857,93.33333333333333
EBV,EBNA1,130,HLA-C*07:01,YRTKNSYTL,9,0.009,29.8,NetMHCpan,Cytotoxic T-cells,CUL1,,,,,681-689,RVNINVPMK,9,6,2.25,0.236,66.66666667,N,,
EBV,EBNA1,130,HLA-C*07:01,YRTKNSYTL,9,0.009,29.8,NetMHCpan,Cytotoxic T-cells,TAF2,,,,,1066-1074,SPLEPGQIL,9,7,2.39,0.125,77.77777778,N,,
EBV,EBNA1,130,HLA-C*07:01,YRTKNSYTL,9,0.009,29.8,NetMHCpan,Cytotoxic T-cells,DENND4B,,,,,2026-11-19 00:00:00,AMAEERPPR,9,6,2.05,0.283,66.66666667,N,,
EBV,EBNA1,130,HLA-C*07:01,YRTKNSYTL,9,0.009,29.8,NetMHCpan,Cytotoxic T-cells,NDE1,38.0,83.0,6.0,5.0,19-24,KDLAMT,6,6,0.09,0.968,100.0,Y,6.333333333333333,66.66666666666666
EBV,EBNA1,130,HLA-C*07:01,YRTKNSYTL,9,0.009,29.8,NetMHCpan,Cytotoxic T-cells,NDE1,23.0,67.0,6.0,4.0,99-104,DLAQTK,6,6,0.1,0.959,100.0,Y,3.8333333333333335,66.66666666666666
E.coli ,Aquaporin Z,162,HLA-B*07:02,APIAIGLAL,9,0.022,11.33,NetMHCpan,Cytotoxic T-cells,CUL1,,,,,681-689,RVNINVPMK,9,6,2.3,0.25,66.66666667,N,,
E.coli ,Aquaporin Z,162,HLA-B*07:02,APIAIGLAL,9,0.022,11.33,NetMHCpan,Cytotoxic T-cells,DPH2,,,,,215-223,GAFYVGGSK,9,5,2.55,0.1,55.55555556,N,,
E.coli ,Aquaporin Z,162,HLA-B*07:02,APIAIGLAL,9,0.022,11.33,NetMHCpan,Cytotoxic T-cells,TAF2,,,,,1066-1074,SPLEPGQIL,9,7,2.55,0.1,77.77777778,N,,
E.coli ,Aquaporin Z,162,HLA-B*07:02,APIAIGLAL,9,0.022,11.33,NetMHCpan,Cytotoxic T-cells,DENND4B,,,,,2026-11-19 00:00:00,AMAEERPPR,9,6,2.11,0.268,66.66666667,N,,
E.coli ,Aquaporin Z,162,HLA-B*07:02,APIAIGLAL,9,0.022,11.33,NetMHCpan,Cytotoxic T-cells,AQP1,42.0,73.0,11.0,8.0,168-178,APLAIGLSVAL,11,9,0.32,0.6,100.0,Y,3.8181818181818183,100.0
E.coli ,Aquaporin Z,162,HLA-B*07:02,APIAIGLAL,9,0.022,11.33,NetMHCpan,Cytotoxic T-cells,AQP1,27.0,71.0,7.0,5.0,27-33,ISIGSAL,7,7,0.27,0.784,100.0,Y,3.857142857142857,77.77777777777779
E.coli ,Aquaporin Z,162,HLA-B*07:02,APIAIGLAL,9,0.022,11.33,NetMHCpan,Cytotoxic T-cells,GARNL3,37.0,71.0,7.0,5.0,881-888,PISVGLA,7,5,1.04,0.161,71.42857143,Y,5.285714285714286,77.77777777777779
E.coli ,Aquaporin Z,162,HLA-B*07:02,APIAIGLAL,9,0.022,11.33,NetMHCpan,Cytotoxic T-cells,INPP5J,24.0,57.0,7.0,4.0,134-140,APTSLGL,7,3,0.61,0.171,42.85714286,Y,3.4285714285714284,77.77777777777779
E.coli ,Aquaporin Z,162,HLA-B*07:02,APIAIGLAL,9,0.022,11.33,NetMHCpan,Cytotoxic T-cells,PTH1R,34.0,78.0,9.0,7.0,2026-04-12 00:00:00,ARIAPGLAL,9,8,2.21,0.437,88.88888889,N,3.7777777777777777,100.0
E.coli ,Aquaporin Z,162,HLA-B*07:02,APIAIGLAL,9,0.022,11.33,NetMHCpan,Cytotoxic T-cells,THADA,35.0,67.0,9.0,6.0,1774-1782,ASIALALAL,9,9,0.63,0.656,100.0,Y,3.888888888888889,100.0
H.pylori,hsp60,168,DRB1_0301,AYILLTDKKISSMKD,15,0.09,18.04,NetMHCIIpan,Helper T-cells,DOCK1,44.0,67.0,9.0,6.0,1499-1507,LTNDKINSM,9,4,0.48,0.247,44.44444444,Y,4.888888888888889,60.0
H.pylori,hsp60,168,DRB1_0301,AYILLTDKKISSMKD,15,0.09,18.04,NetMHCIIpan,Helper T-cells,DOCK1,23.0,57.0,7.0,4.0,1560-1566,KIEKLKD,7,4,0.51,0.299,57.14285714,Y,3.2857142857142856,46.666666666666664
H.pylori,hsp60,168,DRB1_0301,AYILLTDKKISSMKD,15,0.09,18.04,NetMHCIIpan,Helper T-cells,PRAMEF33,41.0,50.0,14.0,7.0,273-282,YIKKISNIKE,10,10,1.36,0.317,100.0,Y,2.9285714285714284,93.33333333333333
H.pylori,hsp60,168,DRB1_0301,AYILLTDKKISSMKD,15,0.09,18.04,NetMHCIIpan,Helper T-cells,SLCO5A1,50.0,67.0,12.0,8.0,406-417,DKKVSSMGFGKD,12,5,1.82,0.21,41.66666667,Y,4.166666666666667,80.0
H.pylori,hsp60,168,DRB1_0301,AYILLTDKKISSMKD,15,0.09,18.04,NetMHCIIpan,Helper T-cells,SLCO5A1,32.0,67.0,6.0,4.0,121-126,YVVLTD,6,4,0.34,0.458,66.66666667,Y,5.333333333333333,40.0
H.pylori,hsp60,168,DRB1_0301,AYILLTDKKISSMKD,15,0.09,18.04,NetMHCIIpan,Helper T-cells,USP8,45.0,60.0,10.0,6.0,189-199,YTMMTDKNIS,10,4,0.41,0.25,40.0,Y,4.5,66.66666666666666
HCMV,pp65,180,HLA-A*24:02,VYYTSAFVF,9,0.01,7.25,NetMHCpan,Cytotoxic T-cells,LRRC2,19.0,38.0,8.0,3.0,62-69,VYCKNGFI,8,3,0.09,0.364,37.5,Y,2.375,88.88888888888889
HCMV,pp65,180,HLA-A*24:02,VYYTSAFVF,9,0.01,7.25,NetMHCpan,Cytotoxic T-cells,SLC2A14,35.0,63.0,8.0,5.0,449-456,YYLGAYVF,8,4,0.45,0.282,50.0,Y,4.375,88.88888888888889
HCMV,pp65,180,HLA-A*24:02,VYYTSAFVF,9,0.01,7.25,NetMHCpan,Cytotoxic T-cells,SLC2A14,20.0,44.0,9.0,4.0,312-320,VFYYSTGIF,9,4,1.96,0.035,44.44444444,Y,2.2222222222222223,100.0
HCMV,pp65,177,DRB1_0701,EPDVYYTSAFVFPTK,15,0.13,26.99,NetMHCIIpan,Helper T-cells,RASA3,47.0,57.0,14.0,8.0,470-483,DPDVRYTAVSSFIF,14,9,0.34,0.456,64.28571429,Y,3.357142857142857,93.33333333333333
HCMV,pp65,177,DRB1_0701,EPDVYYTSAFVFPTK,15,0.13,26.99,NetMHCIIpan,Helper T-cells,RASA3,24.0,57.0,7.0,4.0,685-691,VYHPSAY,7,4,0.92,0.171,57.14285714,Y,3.4285714285714284,46.666666666666664
HCMV,pp65,177,DRB1_0701,EPDVYYTSAFVFPTK,15,0.13,26.99,NetMHCIIpan,Helper T-cells,RASA3,22.0,50.0,10.0,5.0,286-295,NVVYTEDHVF,10,3,0.17,0.267,30.0,Y,2.2,66.66666666666666
HCMV,pp65,177,DRB1_0701,EPDVYYTSAFVFPTK,15,0.13,26.99,NetMHCIIpan,Helper T-cells,VCAN,39.0,50.0,14.0,7.0,510-516,EPDVFPT,7,3,0.84,0.117,42.85714286,Y,2.7857142857142856,93.33333333333333
HCMV,UL70,417,HLA-A*02:01,YLLPEPALA,9,0.04,11.8,NetMHCpan,Cytotoxic T-cells,HELZ2,,,,,1452-1460,SPRPGPSSL,9,9,2.16,0.434,100.0,N,,
HCMV,UL70,417,HLA-A*02:01,YLLPEPALA,9,0.04,11.8,NetMHCpan,Cytotoxic T-cells,PRCP,,,,,439-447,KDITDTLVA,9,7,2.95,0.219,77.77777778,N,,
HCMV,UL70,417,HLA-A*02:01,YLLPEPALA,9,0.04,11.8,NetMHCpan,Cytotoxic T-cells,CFAP43,27.0,50.0,14.0,7.0,124-137,YLASYSSLPEFELA,14,6,1.49,0.15,66.66666667,Y,1.9285714285714286,100.0
HCMV,UL70,417,HLA-A*02:01,YLLPEPALA,9,0.04,11.8,NetMHCpan,Cytotoxic T-cells,FREM3,40.0,77.0,9.0,7.0,1633-1641,YVLPDTALA,9,7,1.47,0.292,77.77777778,Y,4.444444444444445,100.0
HCMV,UL70,417,HLA-A*02:01,YLLPEPALA,9,0.04,11.8,NetMHCpan,Cytotoxic T-cells,FREM3,24.0,71.0,7.0,5.0,23-29,LLSRPAL,7,5,1.2,0.326,71.42857143,Y,3.4285714285714284,77.77777777777779
HCMV,UL70,417,HLA-A*02:01,YLLPEPALA,9,0.04,11.8,NetMHCpan,Cytotoxic T-cells,GON4L,48.0,78.0,9.0,7.0,1692-1700,FLLPEQALA,9,8,1.15,0.515,88.88888889,Y,5.333333333333333,100.0
HCMV,UL70,778,DRB1_0701,TEANFIETRSLNVTR,15,0.0,6.91,NetMHCIIpan,Helper T-cells,KIF26B,,,,,345-359,GLTEAVLNRYNADKP,15,8,2.32,0.085,53.33333333,N,,
HCMV,UL70,778,DRB1_0701,TEANFIETRSLNVTR,15,0.0,6.91,NetMHCIIpan,Helper T-cells,CCDC150,44.0,57.0,14.0,8.0,859-869,EANFRSVEVSR,11,11,0.72,0.576,100.0,Y,3.142857142857143,93.33333333333333
HERV-K10,gag Protein,182,HLA-B*07:02,SPLPAGQVL,9,0.01,15.51,NetMHCpan,Cytotoxic T-cells,CFTR,,,,,89-97,YLGEVTKAV,9,6,2.36,0.11,66.66666667,N,,
HERV-K10,gag Protein,182,HLA-B*07:02,SPLPAGQVL,9,0.01,15.51,NetMHCpan,Cytotoxic T-cells,HSPA9,,,,,456-464,KLINRNTTI,9,6,2.16,0.295,66.66666667,N,,
HERV-K10,gag Protein,182,HLA-B*07:02,SPLPAGQVL,9,0.01,15.51,NetMHCpan,Cytotoxic T-cells,TASP1,,,,,250-258,VSSGGLALK,9,8,2.18,0.221,88.88888889,N,,
HERV-K10,gag Protein,182,HLA-B*07:02,SPLPAGQVL,9,0.01,15.51,NetMHCpan,Cytotoxic T-cells,CNTNAP4,,,,,437-445,IYSGGTYYF,9,8,2.41,0.303,88.88888889,N,,
HERV-K10,gag Protein,182,HLA-B*07:02,SPLPAGQVL,9,0.01,15.51,NetMHCpan,Cytotoxic T-cells,ALMS1,39.0,86.0,7.0,6.0,2947-2953,SPLPQGQ,7,6,0.66,0.454,85.71428571,Y,5.571428571428571,77.77777777777779
HERV-K10,gag Protein,182,HLA-B*07:02,SPLPAGQVL,9,0.01,15.51,NetMHCpan,Cytotoxic T-cells,ALMS1,33.0,83.0,6.0,5.0,2986-2991,PLPQGQ,6,5,0.62,0.4,83.33333333,Y,5.5,66.66666666666666
HERV-K10,gag Protein,182,HLA-B*07:02,SPLPAGQVL,9,0.01,15.51,NetMHCpan,Cytotoxic T-cells,ERN2,37.0,57.0,14.0,8.0,763-776,SPLPQPRPSAPQVL,14,4,0.7,0.114,44.44444444,Y,2.642857142857143,100.0
HERV-K10,gag Protein,182,HLA-B*07:02,SPLPAGQVL,9,0.01,15.51,NetMHCpan,Cytotoxic T-cells,LNPK,38.0,75.0,8.0,6.0,336-343,PLPSGSVL,8,5,0.31,0.486,62.5,Y,4.75,88.88888888888889
HERV-K10,gag Protein,182,HLA-B*07:02,SPLPAGQVL,9,0.01,15.51,NetMHCpan,Cytotoxic T-cells,PKD1,27.0,67.0,6.0,4.0,16-21,PLASGQ,6,3,0.24,0.406,50.0,Y,4.5,66.66666666666666
HERV-K10,gag Protein,182,HLA-B*07:02,SPLPAGQVL,9,0.01,15.51,NetMHCpan,Cytotoxic T-cells,RIMBP3C,38.0,86.0,7.0,6.0,916-922,SQLPAGQ,7,7,0.74,0.392,100.0,Y,5.428571428571429,77.77777777777779
HERV-K10,gag Protein,182,HLA-B*07:02,SPLPAGQVL,9,0.01,15.51,NetMHCpan,Cytotoxic T-cells,RIMBP3C,23.0,35.0,20.0,7.0,2026-07-26 00:00:00,SPLGASPKKPGCSSPAAAVL,20,9,1.04,0.215,100.0,Y,1.15,100.0
HERV-K10,gag Protein,182,HLA-B*07:02,SPLPAGQVL,9,0.01,15.51,NetMHCpan,Cytotoxic T-cells,SRRM2,37.0,83.0,6.0,5.0,1248-1253,PAGQIL,6,4,0.56,0.312,66.66666667,Y,6.166666666666667,66.66666666666666
HERV-K10,gag Protein,182,HLA-B*07:02,SPLPAGQVL,9,0.01,15.51,NetMHCpan,Cytotoxic T-cells,TAF2,37.0,67.0,9.0,6.0,1066-1074,SPLEPGQIL,9,7,1.42,0.346,77.77777778,Y,4.111111111111111,100.0
HERV-K10,gag Protein,182,HLA-B*07:02,SPLPAGQVL,9,0.01,15.51,NetMHCpan,Cytotoxic T-cells,TEDC1,43.0,78.0,9.0,7.0,62-70,SPLPAGNAL,9,3,0.05,0.33,33.33333333,Y,4.777777777777778,100.0
HERV-K10,gag Protein,182,HLA-B*07:02,SPLPAGQVL,9,0.01,15.51,NetMHCpan,Cytotoxic T-cells,TEX2,46.0,78.0,9.0,7.0,119-127,SPVPAAQVL,9,4,0.28,0.348,44.44444444,Y,5.111111111111111,100.0
HERV-K10,gag Protein,182,HLA-B*07:02,SPLPAGQVL,9,0.01,15.51,NetMHCpan,Cytotoxic T-cells,TOGARAM2,45.0,80.0,10.0,8.0,259-268,SPLPPGQGVL,10,9,0.97,0.406,100.0,Y,4.5,100.0
HSV-1,P-40,243,HLA-A*24:02,TYLQASEKF,9,0.004,15.41,NetMHCpan,Cytotoxic T-cells,KLHL23,42.0,67.0,9.0,6.0,522-530,TYLQSIEKY,9,4,0.56,0.228,44.44444444,Y,4.666666666666667,100.0
HSV-1,P-40,243,HLA-A*24:02,TYLQASEKF,9,0.004,15.41,NetMHCpan,Cytotoxic T-cells,OBSCN,27.0,63.0,8.0,5.0,16-23,TNLQVEEK,8,3,0.32,0.266,37.5,Y,3.375,88.88888888888889
HSV-1,P-40,243,HLA-A*24:02,TYLQASEKF,9,0.004,15.41,NetMHCpan,Cytotoxic T-cells,OR2Y1,37.0,50.0,16.0,8.0,257-272,TYLQSIHNYSEREGKF,16,4,0.38,0.166,44.44444444,Y,2.3125,100.0
K.pneumoniae ,L-asparaginase,46,HLA-B*35:01,MPDFTIHEY,9,0.001,2.97,NetMHCpan,Cytotoxic T-cells,TAS2R9,,,,,171-179,VSKIPGTFK,9,7,2.04,0.4,77.77777778,N,,
K.pneumoniae ,L-asparaginase,46,HLA-B*35:01,MPDFTIHEY,9,0.001,2.97,NetMHCpan,Cytotoxic T-cells,ADCY10,29.0,57.0,7.0,4.0,1401-1406,EFIHQY,6,3,0.47,0.265,50.0,Y,4.142857142857143,77.77777777777779
K.pneumoniae ,L-asparaginase,211,DRB1_1501,PIGVVTIYPGISADV,15,0.01,16.05,NetMHCIIpan,Helper T-cells,ACTBL2,42.0,78.0,9.0,7.0,305-312,TMYPGIAD,8,5,1.71,0.402,62.5,Y,4.666666666666667,60.0
K.pneumoniae ,L-asparaginase,211,DRB1_1501,PIGVVTIYPGISADV,15,0.01,16.05,NetMHCIIpan,Helper T-cells,ACTBL2,32.0,75.0,8.0,6.0,71-78,PIEHGVVT,8,5,1.42,0.269,62.5,Y,4.0,53.333333333333336
L.grayi ,Beta=Lactamase,222,HLA-A*11:01,TVLAYLVEK,9,0.018,6.76,NetMHCpan,Cytotoxic T-cells,CCDCP28B,,,,,16-24,QPAQAPGTL,9,6,3.35,0.143,66.66666667,N,,
L.grayi ,Beta=Lactamase,222,HLA-A*11:01,TVLAYLVEK,9,0.018,6.76,NetMHCpan,Cytotoxic T-cells,DENND4B,,,,,2026-11-19 00:00:00,AMAEERPPR,9,6,2.07,0.296,66.66666667,N,,
L.grayi ,Beta=Lactamase,222,HLA-A*11:01,TVLAYLVEK,9,0.018,6.76,NetMHCpan,Cytotoxic T-cells,EML6,,,,,1846-1854,LGKQVTEAV,9,6,2.02,0.297,66.66666667,N,,
L.grayi ,Beta=Lactamase,222,HLA-A*11:01,TVLAYLVEK,9,0.018,6.76,NetMHCpan,Cytotoxic T-cells,SOWAHB,,,,,219-227,ATAEEKPAR,9,6,2.69,0.076,66.66666667,N,,
L.grayi ,Beta=Lactamase,222,HLA-A*11:01,TVLAYLVEK,9,0.018,6.76,NetMHCpan,Cytotoxic T-cells,CPSF7,,,,,29-37,DLYDDVLTA,9,7,2.53,0.23,77.77777778,N,,
L.grayi ,Beta=Lactamase,222,HLA-A*11:01,TVLAYLVEK,9,0.018,6.76,NetMHCpan,Cytotoxic T-cells,TANC1,50.0,89.0,9.0,8.0,1226-1233,TVLYLVEK,8,8,0.28,0.774,100.0,Y,5.555555555555555,100.0
L.grayi ,Beta=Lactamase,222,HLA-A*11:01,TVLAYLVEK,9,0.018,6.76,NetMHCpan,Cytotoxic T-cells,TANC1,33.0,71.0,7.0,5.0,1193-1199,VVQYLVE,7,7,0.27,0.781,100.0,Y,4.714285714285714,77.77777777777779
L.grayi ,Beta=Lactamase,365,DRB1_0401,VVLFSNIQNNIASFG,15,0.25,13.71,NetMHCIIpan,Helper T-cells,ZNF121,40.0,56.0,16.0,9.0,290-304,GKAFTVSSSLHNHVK,15,13,2.16,0.288,86.66666667,N,2.5,100.0
L.grayi ,Beta=Lactamase,365,DRB1_0401,VVLFSNIQNNIASFG,15,0.25,13.71,NetMHCIIpan,Helper T-cells,GIMAP8,43.0,64.0,14.0,9.0,343-352,VLSTIQNNFG,10,7,2.35,0.2,70.0,N,3.0714285714285716,93.33333333333333
L.grayi ,Beta=Lactamase,365,DRB1_0401,VVLFSNIQNNIASFG,15,0.25,13.71,NetMHCIIpan,Helper T-cells,TTN,32.0,71.0,7.0,5.0,53-59,FSNILEN,7,7,1.19,0.483,100.0,Y,4.571428571428571,46.666666666666664
O.splanchnicus ,IS66 family transposase,442,HLA-A*02:01,YLYDGRIFI,9,0.008,2.63,NetMHCpan,Cytotoxic T-cells,IRF2BP2,,,,,120-128,AAAAERPPR,9,5,2.08,0.148,55.55555556,N,,
O.splanchnicus ,IS66 family transposase,442,HLA-A*02:01,YLYDGRIFI,9,0.008,2.63,NetMHCpan,Cytotoxic T-cells,TAF2,,,,,1066-1074,SPLEPGQIL,9,6,2.44,0.164,66.66666667,N,,
O.splanchnicus ,IS66 family transposase,442,HLA-A*02:01,YLYDGRIFI,9,0.008,2.63,NetMHCpan,Cytotoxic T-cells,UNC45A,,,,,640-648,LAAGVVSAM,9,6,2.03,0.361,66.66666667,N,,
O.splanchnicus ,IS66 family transposase,442,HLA-A*02:01,YLYDGRIFI,9,0.008,2.63,NetMHCpan,Cytotoxic T-cells,KIF14,,,,,205-213,RANENVALK,9,5,2.01,0.113,55.55555556,N,,
O.splanchnicus ,IS66 family transposase,442,HLA-A*02:01,YLYDGRIFI,9,0.008,2.63,NetMHCpan,Cytotoxic T-cells,CNGB3,37.0,67.0,9.0,6.0,264-271,YLYDMLFI,8,5,0.71,0.442,62.5,Y,4.111111111111111,100.0
O.splanchnicus ,IS66 family transposase,442,HLA-A*02:01,YLYDGRIFI,9,0.008,2.63,NetMHCpan,Cytotoxic T-cells,IFT80,39.0,64.0,11.0,7.0,395-404,YLYSYEGRFI,10,7,1.7,0.306,77.77777778,Y,3.5454545454545454,100.0
O.splanchnicus ,IS66 family transposase,442,HLA-A*02:01,YLYDGRIFI,9,0.008,2.63,NetMHCpan,Cytotoxic T-cells,WASHC4,38.0,55.0,11.0,6.0,796-806,YLYNLNNQIFI,11,8,1.72,0.388,88.88888889,Y,3.4545454545454546,100.0
P.mendocina,vWFA,160,HLA-B*07:02,APFGVSTEL,9,0.021,36.14,NetMHCpan,Cytotoxic T-cells,SEZ6,,,,,549-557,YPVGTTVEF,9,8,2.38,0.369,88.88888889,N,,
P.mendocina,vWFA,160,HLA-B*07:02,APFGVSTEL,9,0.021,36.14,NetMHCpan,Cytotoxic T-cells,CIC,38.0,78.0,9.0,7.0,1217-1224,APGVSSEL,8,7,0.96,0.28,87.5,Y,4.222222222222222,100.0
Parvovirus B19,Minor Capsid protein VP1A,58,HLA-A*02:01,SLFDLVARI,9,0.033,13.1,NetMHCpan,Cytotoxic T-cells,CUL1,,,,,681-689,RVNINVPMK,9,6,2.49,0.224,66.66666667,N,,
Parvovirus B19,Minor Capsid protein VP1A,58,HLA-A*02:01,SLFDLVARI,9,0.033,13.1,NetMHCpan,Cytotoxic T-cells,EML6,,,,,1846-1854,LGKQVTEAV,9,6,2.01,0.305,66.66666667,N,,
Parvovirus B19,Minor Capsid protein VP1A,58,HLA-A*02:01,SLFDLVARI,9,0.033,13.1,NetMHCpan,Cytotoxic T-cells,HSPA9,,,,,456-464,KLINRNTTI,9,6,2.02,0.239,66.66666667,N,,
Parvovirus B19,Minor Capsid protein VP1A,58,HLA-A*02:01,SLFDLVARI,9,0.033,13.1,NetMHCpan,Cytotoxic T-cells,PTH1R,,,,,2026-04-12 00:00:00,ARIAPGLAL,9,8,2.33,0.46,88.88888889,N,,
Parvovirus B19,Minor Capsid protein VP1A,58,HLA-A*02:01,SLFDLVARI,9,0.033,13.1,NetMHCpan,Cytotoxic T-cells,TAS2R9,,,,,171-179,VSKIPGTFK,9,7,2.13,0.445,77.77777778,N,,
Parvovirus B19,Minor Capsid protein VP1A,58,HLA-A*02:01,SLFDLVARI,9,0.033,13.1,NetMHCpan,Cytotoxic T-cells,KIF14,,,,,205-213,RANENVALK,9,5,2.25,0.048,55.55555556,N,,
Parvovirus B19,Minor Capsid protein VP1A,58,HLA-A*02:01,SLFDLVARI,9,0.033,13.1,NetMHCpan,Cytotoxic T-cells,DENND4B,,,,,2026-11-19 00:00:00,AMAEERPPR,9,6,2.08,0.262,66.66666667,N,,
Parvovirus B19,Minor Capsid protein VP1A,58,HLA-A*02:01,SLFDLVARI,9,0.033,13.1,NetMHCpan,Cytotoxic T-cells,KLF13,39.0,78.0,9.0,7.0,60-67,SLFVVARI,8,8,0.25,0.833,100.0,Y,4.333333333333333,100.0
Parvovirus B19,Minor Capsid protein VP1A,58,HLA-A*02:01,SLFDLVARI,9,0.033,13.1,NetMHCpan,Cytotoxic T-cells,TP53BP2,44.0,67.0,12.0,8.0,335-346,SLEGEFDLVQRI,12,8,0.3,0.512,88.88888889,Y,3.6666666666666665,100.0
Parvovirus B19,Minor Capsid protein VP1A,58,HLA-A*02:01,SLFDLVARI,9,0.033,13.1,NetMHCpan,Cytotoxic T-cells,TUBE1,39.0,56.0,9.0,5.0,213-221,SLFDIISKI,9,9,0.27,0.808,100.0,Y,4.333333333333333,100.0
R.intestinalis,DNA Cytosine Methyltransferase,280,HLA-B*07:02,RPNDIREPM,9,0.009,4.9,NetMHCpan,Cytotoxic T-cells,ABHD13,,,,,164-172,GLYLDSEAV,9,6,2.08,0.33,66.66666667,N,,
R.intestinalis,DNA Cytosine Methyltransferase,280,HLA-B*07:02,RPNDIREPM,9,0.009,4.9,NetMHCpan,Cytotoxic T-cells,FAM83H,,,,,1168-1176,VPKILGTFK,9,7,2.67,0.188,77.77777778,N,,
R.intestinalis,DNA Cytosine Methyltransferase,280,HLA-B*07:02,RPNDIREPM,9,0.009,4.9,NetMHCpan,Cytotoxic T-cells,FLG,,,,,71-79,TEFLLMVFK,9,6,2.13,0.416,66.66666667,N,,
R.intestinalis,DNA Cytosine Methyltransferase,280,HLA-B*07:02,RPNDIREPM,9,0.009,4.9,NetMHCpan,Cytotoxic T-cells,GRIA4,,,,,821-829,LVGGLGLAM,9,6,2.1,0.369,66.66666667,N,,
R.intestinalis,DNA Cytosine Methyltransferase,280,HLA-B*07:02,RPNDIREPM,9,0.009,4.9,NetMHCpan,Cytotoxic T-cells,KIF14,,,,,205-213,RANENVALK,9,6,2.18,0.146,66.66666667,N,,
R.intestinalis,DNA Cytosine Methyltransferase,280,HLA-B*07:02,RPNDIREPM,9,0.009,4.9,NetMHCpan,Cytotoxic T-cells,HMGXB3,,,,,834-842,RVSINVVLK,9,6,2.1,0.345,66.66666667,N,,
R.intestinalis,DNA Cytosine Methyltransferase,280,HLA-B*07:02,RPNDIREPM,9,0.009,4.9,NetMHCpan,Cytotoxic T-cells,TAP1,,,,,99-107,LAAALGLAL,9,6,2.02,0.354,66.66666667,N,,
R.intestinalis,DNA Cytosine Methyltransferase,280,HLA-B*07:02,RPNDIREPM,9,0.009,4.9,NetMHCpan,Cytotoxic T-cells,TNFSF12,,,,,24-32,LALGLGLAL,9,6,2.04,0.371,66.66666667,N,,
R.intestinalis,DNA Cytosine Methyltransferase,280,HLA-B*07:02,RPNDIREPM,9,0.009,4.9,NetMHCpan,Cytotoxic T-cells,PRCP,,,,,439-447,KDITDTLVA,9,8,2.36,0.251,88.88888889,N,,
R.intestinalis,DNA Cytosine Methyltransferase,280,HLA-B*07:02,RPNDIREPM,9,0.009,4.9,NetMHCpan,Cytotoxic T-cells,FKBP5,,,,,317-325,LAAFLNLAM,9,6,2.05,0.34,66.66666667,N,,
R.intestinalis,DNA Cytosine Methyltransferase,280,HLA-B*07:02,RPNDIREPM,9,0.009,4.9,NetMHCpan,Cytotoxic T-cells,DOCK1,,,,,1499-1507,LTNDKINSM,9,6,2.09,0.362,66.66666667,N,,
R.intestinalis,DNA Cytosine Methyltransferase,280,HLA-B*07:02,RPNDIREPM,9,0.009,4.9,NetMHCpan,Cytotoxic T-cells,ACIN1,37.0,64.0,11.0,7.0,780-790,RPENDVPEPPM,11,6,1.37,0.201,66.66666667,Y,3.3636363636363638,100.0
R.intestinalis,DNA Cytosine Methyltransferase,280,HLA-B*07:02,RPNDIREPM,9,0.009,4.9,NetMHCpan,Cytotoxic T-cells,ADAMTSL3,37.0,67.0,9.0,6.0,1005-1012,RPALREPM,8,6,2.35,0.394,75.0,N,4.111111111111111,100.0
R.intestinalis,DNA Cytosine Methyltransferase,280,HLA-B*07:02,RPNDIREPM,9,0.009,4.9,NetMHCpan,Cytotoxic T-cells,CAMTA1,39.0,67.0,9.0,6.0,1354-1359,RPREPM,6,4,0.45,0.417,66.66666667,Y,4.333333333333333,100.0
R.intestinalis,DNA Cytosine Methyltransferase,280,HLA-B*07:02,RPNDIREPM,9,0.009,4.9,NetMHCpan,Cytotoxic T-cells,TGDS,40.0,70.0,10.0,7.0,295-304,RPTNDMRYPM,10,7,1.82,0.35,77.77777778,Y,4.0,100.0
R.intestinalis,DNA Cytosine Methyltransferase,280,HLA-B*07:02,RPNDIREPM,9,0.009,4.9,NetMHCpan,Cytotoxic T-cells,UBE2L6,47.0,78.0,9.0,7.0,114-121,RPNIREPL,8,8,1.66,0.457,100.0,Y,5.222222222222222,100.0
R.intestinalis,DNA Cytosine Methyltransferase,207,DRB1_0405,LKKPYVGAYTQLDFS,15,0.08,28.27,NetMHCIIpan,Helper T-cells,PCM1,43.0,53.0,15.0,8.0,1006-1013,LKKQLDFS,8,5,0.83,0.419,62.5,Y,2.8666666666666667,100.0
S.pyogenes,M protein,376,HLA-A*11:01,VSAGMLALK,9,0.115,13.04,NetMHCpan,Cytotoxic T-cells,GRIA4,,,,,821-829,LVGGLGLAM,9,5,2.68,0.173,55.55555556,N,,
S.pyogenes,M protein,376,HLA-A*11:01,VSAGMLALK,9,0.115,13.04,NetMHCpan,Cytotoxic T-cells,RORA,,,,,484-492,HTEKLMAFK,9,4,2.0,0.047,44.44444444,N,,
S.pyogenes,M protein,376,HLA-A*11:01,VSAGMLALK,9,0.115,13.04,NetMHCpan,Cytotoxic T-cells,OR52N1,,,,,104-112,FFVHTFTGM,9,4,2.05,0.047,44.44444444,N,,
S.pyogenes,M protein,376,HLA-A*11:01,VSAGMLALK,9,0.115,13.04,NetMHCpan,Cytotoxic T-cells,TUBE1,,,,,213-221,SLFDIISKI,9,4,2.0,0.046,44.44444444,N,,
S.pyogenes,M protein,376,HLA-A*11:01,VSAGMLALK,9,0.115,13.04,NetMHCpan,Cytotoxic T-cells,HMGXB3,,,,,834-842,RVSINVVLK,9,5,2.73,0.183,55.55555556,N,,
S.pyogenes,M protein,376,HLA-A*11:01,VSAGMLALK,9,0.115,13.04,NetMHCpan,Cytotoxic T-cells,TASP1,38.0,78.0,9.0,7.0,250-258,VSSGGLALK,9,7,1.49,0.222,77.77777778,Y,4.222222222222222,100.0
S.pyogenes,M protein,376,HLA-A*11:01,VSAGMLALK,9,0.115,13.04,NetMHCpan,Cytotoxic T-cells,TMEM273,43.0,78.0,9.0,7.0,47-54,ISAGFLAL,8,3,0.46,0.204,37.5,Y,4.777777777777778,100.0
S.typhimurium,OmpH,6,HLA-B*35:01,LAAGLGLAM,9,0.099,9.42,NetMHCpan,Cytotoxic T-cells,CLDN18,,,,,34-42,DLYNNPVTA,9,6,2.03,0.184,66.66666667,N,,
S.typhimurium,OmpH,6,HLA-B*35:01,LAAGLGLAM,9,0.099,9.42,NetMHCpan,Cytotoxic T-cells,ADCY8,38.0,100.0,6.0,6.0,258-263,LAAGLG,6,4,0.5,0.399,66.66666667,Y,6.333333333333333,66.66666666666666
S.typhimurium,OmpH,6,HLA-B*35:01,LAAGLGLAM,9,0.099,9.42,NetMHCpan,Cytotoxic T-cells,ANAPC1,46.0,78.0,9.0,7.0,1296-1304,LAAGLALGM,9,5,0.68,0.282,55.55555556,Y,5.111111111111111,100.0
S.typhimurium,OmpH,6,HLA-B*35:01,LAAGLGLAM,9,0.099,9.42,NetMHCpan,Cytotoxic T-cells,CYB5RL,38.0,80.0,10.0,8.0,187-196,LAAGTGLAPM,10,3,0.07,0.294,33.33333333,Y,3.8,100.0
S.typhimurium,OmpH,6,HLA-B*35:01,LAAGLGLAM,9,0.099,9.42,NetMHCpan,Cytotoxic T-cells,CYC1,39.0,80.0,10.0,8.0,67-76,LAAGGAGLAM,10,6,0.66,0.293,66.66666667,Y,3.9,100.0
S.typhimurium,OmpH,6,HLA-B*35:01,LAAGLGLAM,9,0.099,9.42,NetMHCpan,Cytotoxic T-cells,FKBP5,38.0,78.0,9.0,7.0,317-325,LAAFLNLAM,9,3,0.09,0.323,33.33333333,Y,4.222222222222222,100.0
S.typhimurium,OmpH,6,HLA-B*35:01,LAAGLGLAM,9,0.099,9.42,NetMHCpan,Cytotoxic T-cells,GRIA1,43.0,100.0,6.0,6.0,826-831,GLGLAM,6,4,0.47,0.438,66.66666667,Y,7.166666666666667,66.66666666666666
S.typhimurium,OmpH,6,HLA-B*35:01,LAAGLGLAM,9,0.099,9.42,NetMHCpan,Cytotoxic T-cells,GRIA4,46.0,78.0,9.0,7.0,821-829,LVGGLGLAM,9,3,0.12,0.315,33.33333333,Y,5.111111111111111,100.0
S.typhimurium,OmpH,6,HLA-B*35:01,LAAGLGLAM,9,0.099,9.42,NetMHCpan,Cytotoxic T-cells,MBOAT7,42.0,80.0,10.0,8.0,438-447,LAALGLGLAL,10,3,0.09,0.29,33.33333333,Y,4.2,100.0
S.typhimurium,OmpH,6,HLA-B*35:01,LAAGLGLAM,9,0.099,9.42,NetMHCpan,Cytotoxic T-cells,MBOAT7,30.0,83.0,6.0,5.0,36-41,AVGLGL,6,4,0.46,0.439,66.66666667,Y,5.0,66.66666666666666
S.typhimurium,OmpH,6,HLA-B*35:01,LAAGLGLAM,9,0.099,9.42,NetMHCpan,Cytotoxic T-cells,MBOAT7,21.0,67.0,6.0,4.0,34-439,AAAVGL,6,4,0.55,0.388,66.66666667,Y,3.5,66.66666666666666
S.typhimurium,OmpH,6,HLA-B*35:01,LAAGLGLAM,9,0.099,9.42,NetMHCpan,Cytotoxic T-cells,NFKB2,38.0,100.0,6.0,6.0,674-679,LAAGLG,6,4,0.58,0.371,66.66666667,Y,6.333333333333333,66.66666666666666
S.typhimurium,OmpH,6,HLA-B*35:01,LAAGLGLAM,9,0.099,9.42,NetMHCpan,Cytotoxic T-cells,SLC27A5,20.0,71.0,7.0,5.0,405-411,LAMGNGL,7,6,1.82,0.282,85.71428571,Y,2.857142857142857,77.77777777777779
S.typhimurium,OmpH,6,HLA-B*35:01,LAAGLGLAM,9,0.099,9.42,NetMHCpan,Cytotoxic T-cells,TAP1,44.0,78.0,9.0,7.0,99-107,LAAALGLAL,9,5,0.7,0.243,55.55555556,Y,4.888888888888889,100.0
S.typhimurium,OmpH,6,HLA-B*35:01,LAAGLGLAM,9,0.099,9.42,NetMHCpan,Cytotoxic T-cells,TAS2R5,44.0,78.0,9.0,7.0,2026-02-10 00:00:00,LSAGLGLLM,9,3,0.21,0.282,33.33333333,Y,4.888888888888889,100.0
S.typhimurium,OmpH,6,HLA-B*35:01,LAAGLGLAM,9,0.099,9.42,NetMHCpan,Cytotoxic T-cells,TNFSF12,40.0,78.0,9.0,7.0,24-32,LALGLGLAL,9,3,0.07,0.326,33.33333333,Y,4.444444444444445,100.0
S.typhimurium,OmpH,6,HLA-B*35:01,LAAGLGLAM,9,0.099,9.42,NetMHCpan,Cytotoxic T-cells,UNC13C,42.0,67.0,12.0,8.0,1054-1065,LAARKSGLSLAM,12,3,0.11,0.238,33.33333333,Y,3.5,100.0
S.typhimurium,OmpH,6,HLA-B*35:01,LAAGLGLAM,9,0.099,9.42,NetMHCpan,Cytotoxic T-cells,UNC45A,38.0,88.0,8.0,7.0,838-844,AAGGLAM,7,3,0.2,0.372,42.85714286,Y,4.75,88.88888888888889
S.typhimurium,OmpH,6,HLA-B*35:01,LAAGLGLAM,9,0.099,9.42,NetMHCpan,Cytotoxic T-cells,UNC45A,27.0,67.0,9.0,6.0,640-648,LAAGVVSAM,9,5,0.72,0.23,55.55555556,Y,3.0,100.0
S.typhimurium,OmpH,23,DRB1_0404,KIAIVNMGNLFQQVA,15,0.11,17.81,NetMHCIIpan,Helper T-cells,ADGRG7,41.0,41.0,22.0,9.0,202-223,KVAIVTVSQLLDASEDAFQRVA,22,10,0.56,0.293,66.66666667,Y,1.8636363636363635,100.0
S.typhimurium,OmpH,23,DRB1_0404,KIAIVNMGNLFQQVA,15,0.11,17.81,NetMHCIIpan,Helper T-cells,FAT3,27.0,67.0,6.0,4.0,577-582,LFEKVA,6,4,0.16,0.603,66.66666667,Y,4.5,40.0
S.typhimurium,OmpH,23,DRB1_0404,KIAIVNMGNLFQQVA,15,0.11,17.81,NetMHCIIpan,Helper T-cells,FSTL4,40.0,32.0,28.0,9.0,310-337,KVTTIHMGNYTCHASGHEQLFQTHVLQV,28,7,0.81,0.187,46.66666667,Y,1.4285714285714286,100.0
Torque teno virus,ORFa,13,HLA-A*11:01,ATAEQRPPR,9,0.143,72.12,NetMHCpan,Cytotoxic T-cells,FAM83H,,,,,1168-1176,VPKILGTFK,9,7,3.22,0.088,77.77777778,N,,
Torque teno virus,ORFa,13,HLA-A*11:01,ATAEQRPPR,9,0.143,72.12,NetMHCpan,Cytotoxic T-cells,OSBPL1A,,,,,153-161,DFIFHGSIY,9,6,2.37,0.15,66.66666667,N,,
Torque teno virus,ORFa,13,HLA-A*11:01,ATAEQRPPR,9,0.143,72.12,NetMHCpan,Cytotoxic T-cells,THADA,,,,,1774-1782,ASIALALAL,9,7,2.11,0.456,77.77777778,N,,
Torque teno virus,ORFa,13,HLA-A*11:01,ATAEQRPPR,9,0.143,72.12,NetMHCpan,Cytotoxic T-cells,KIF14,,,,,205-213,RANENVALK,9,6,2.73,0.071,66.66666667,N,,
Torque teno virus,ORFa,13,HLA-A*11:01,ATAEQRPPR,9,0.143,72.12,NetMHCpan,Cytotoxic T-cells,ALMS1,39.0,75.0,8.0,6.0,2755-2762,TEEQNPPR,8,6,1.08,0.376,75.0,Y,4.875,88.88888888888889
Torque teno virus,ORFa,13,HLA-A*11:01,ATAEQRPPR,9,0.143,72.12,NetMHCpan,Cytotoxic T-cells,CCDC92B,44.0,78.0,9.0,7.0,160-168,ATAEPRPRR,9,3,0.13,0.311,33.33333333,Y,4.888888888888889,100.0
Torque teno virus,ORFa,13,HLA-A*11:01,ATAEQRPPR,9,0.143,72.12,NetMHCpan,Cytotoxic T-cells,DENND4B,49.0,78.0,9.0,7.0,2026-11-19 00:00:00,AMAEERPPR,9,6,1.57,0.348,66.66666667,Y,5.444444444444445,100.0
Torque teno virus,ORFa,13,HLA-A*11:01,ATAEQRPPR,9,0.143,72.12,NetMHCpan,Cytotoxic T-cells,IRF2BP2,42.0,67.0,9.0,6.0,120-128,AAAAERPPR,9,6,1.47,0.214,66.66666667,Y,4.666666666666667,100.0
Torque teno virus,ORFa,13,HLA-A*11:01,ATAEQRPPR,9,0.143,72.12,NetMHCpan,Cytotoxic T-cells,KIZ,42.0,67.0,9.0,6.0,2026-08-16 00:00:00,ATPAERPPR,9,3,0.56,0.154,33.33333333,Y,4.666666666666667,100.0
Torque teno virus,ORFa,13,HLA-A*11:01,ATAEQRPPR,9,0.143,72.12,NetMHCpan,Cytotoxic T-cells,SOWAHB,42.0,67.0,9.0,6.0,219-227,ATAEEKPAR,9,6,2.73,0.097,66.66666667,N,4.666666666666667,100.0
Torque teno virus,ORFa,13,HLA-A*11:01,ATAEQRPPR,9,0.143,72.12,NetMHCpan,Cytotoxic T-cells,SUPT20HL1,47.0,86.0,7.0,6.0,19-25,AQQRPPR,7,6,0.85,0.534,85.71428571,Y,6.714285714285714,77.77777777777779
Torque teno virus,ORFa,13,HLA-A*11:01,ATAEQRPPR,9,0.143,72.12,NetMHCpan,Cytotoxic T-cells,SUPT20HL1,23.0,67.0,6.0,4.0,118-123,AEELPP,6,6,1.1,0.411,100.0,Y,3.8333333333333335,66.66666666666666
Y.pseudotuberculosis,Tersinia adhensin,403,HLA-A*11:01,RVNESVALK,9,0.006,10.19,NetMHCpan,Cytotoxic T-cells,CLDN18,,,,,34-42,DLYNNPVTA,9,8,2.7,0.252,88.88888889,N,,
Y.pseudotuberculosis,Tersinia adhensin,403,HLA-A*11:01,RVNESVALK,9,0.006,10.19,NetMHCpan,Cytotoxic T-cells,OR52N1,,,,,104-112,FFVHTFTGM,9,6,2.16,0.373,66.66666667,N,,
Y.pseudotuberculosis,Tersinia adhensin,403,HLA-A*11:01,RVNESVALK,9,0.006,10.19,NetMHCpan,Cytotoxic T-cells,TAS2R9,,,,,171-179,VSKIPGTFK,9,6,2.0,0.271,66.66666667,N,,
Y.pseudotuberculosis,Tersinia adhensin,403,HLA-A*11:01,RVNESVALK,9,0.006,10.19,NetMHCpan,Cytotoxic T-cells,DENND4B,,,,,2026-11-19 00:00:00,AMAEERPPR,9,7,2.43,0.215,77.77777778,N,,
Y.pseudotuberculosis,Tersinia adhensin,403,HLA-A*11:01,RVNESVALK,9,0.006,10.19,NetMHCpan,Cytotoxic T-cells,KIF14,49.0,78.0,9.0,7.0,205-213,RANENVALK,9,6,1.58,0.266,66.66666667,Y,5.444444444444445,100.0
Y.pseudotuberculosis,Tersinia adhensin,403,HLA-A*11:01,RVNESVALK,9,0.006,10.19,NetMHCpan,Cytotoxic T-cells,NUP42,38.0,53.0,17.0,9.0,188-205,RVNELKSLNISTKVALLS,18,6,1.62,0.124,66.66666667,Y,2.235294117647059,100.0
Y.pseudotuberculosis,Tersinia adhensin,403,HLA-A*11:01,RVNESVALK,9,0.006,10.19,NetMHCpan,Cytotoxic T-cells,RALGAPA1,38.0,78.0,9.0,7.0,588-595,RVTESVLK,8,6,1.89,0.48,75.0,Y,4.222222222222222,100.0
Y.pseudotuberculosis,Tersinia adhensin,403,HLA-A*11:01,RVNESVALK,9,0.006,10.19,NetMHCpan,Cytotoxic T-cells,RALGAPA1,27.0,67.0,6.0,4.0,39-44,ESIDLK,6,4,0.25,0.539,66.66666667,Y,4.5,66.66666666666666
Y.pseudotuberculosis,Tersinia adhensin,387,DRB1_0701,VGGYRSSQALAIGSG,15,0.0,11.94,NetMHCIIpan,Helper T-cells,PRR18,,,,,225-239,SPRPGALRPMLKVSL,15,10,2.11,0.194,66.66666667,N,,
Y.pseudotuberculosis,Tersinia adhensin,387,DRB1_0701,VGGYRSSQALAIGSG,15,0.0,11.94,NetMHCIIpan,Helper T-cells,FAP,45.0,71.0,14.0,10.0,626-639,GGYVSSLALASGTG,14,9,1.88,0.115,64.28571429,Y,3.2142857142857144,93.33333333333333
Y.pseudotuberculosis,Tersinia adhensin,387,DRB1_0701,VGGYRSSQALAIGSG,15,0.0,11.94,NetMHCIIpan,Helper T-cells,KDM3B,40.0,70.0,10.0,7.0,479-488,SSQPLTFGSG,10,10,1.45,0.27,100.0,Y,4.0,66.66666666666666
Y.pseudotuberculosis,Tersinia adhensin,387,DRB1_0701,VGGYRSSQALAIGSG,15,0.0,11.94,NetMHCIIpan,Helper T-cells,KDM3B,21.0,63.0,8.0,5.0,774-781,GGFLSSPA,8,4,0.28,0.39,50.0,Y,2.625,53.333333333333336
Y.pseudotuberculosis,Tersinia adhensin,387,DRB1_0701,VGGYRSSQALAIGSG,15,0.0,11.94,NetMHCIIpan,Helper T-cells,WDFY2,42.0,57.0,14.0,8.0,150-160,GGYRTSAVASG,11,7,1.15,0.332,63.63636364,Y,3.0,93.33333333333333
Y.enterocolitica,YadA,426,HLA-A*11:01,RVNENVALK,9,0.008,12.59,NetMHCpan,Cytotoxic T-cells,DENND4B,,,,,2026-11-19 00:00:00,AMAEERPPR,9,7,2.42,0.204,77.77777778,N,,
Y.enterocolitica,YadA,426,HLA-A*11:01,RVNENVALK,9,0.008,12.59,NetMHCpan,Cytotoxic T-cells,OR52N1,,,,,104-112,FFVHTFTGM,9,6,2.18,0.38,66.66666667,N,,
Y.enterocolitica,YadA,426,HLA-A*11:01,RVNENVALK,9,0.008,12.59,NetMHCpan,Cytotoxic T-cells,FKBP5,,,,,317-325,LAAFLNLAM,9,6,2.33,0.37,66.66666667,N,,
Y.enterocolitica,YadA,426,HLA-A*11:01,RVNENVALK,9,0.008,12.59,NetMHCpan,Cytotoxic T-cells,ANAPC1,37.0,58.0,12.0,7.0,273-284,RVKSEEENVVLK,12,6,1.09,0.228,66.66666667,Y,3.0833333333333335,100.0
Y.enterocolitica,YadA,426,HLA-A*11:01,RVNENVALK,9,0.008,12.59,NetMHCpan,Cytotoxic T-cells,ATOSA,37.0,75.0,8.0,6.0,203-210,VSHNVALK,8,8,0.97,0.487,100.0,Y,4.625,88.88888888888889
Y.enterocolitica,YadA,426,HLA-A*11:01,RVNENVALK,9,0.008,12.59,NetMHCpan,Cytotoxic T-cells,ATOSA,34.0,67.0,9.0,6.0,410-418,RVSQENENV,9,6,0.81,0.31,66.66666667,Y,3.7777777777777777,100.0
Y.enterocolitica,YadA,426,HLA-A*11:01,RVNENVALK,9,0.008,12.59,NetMHCpan,Cytotoxic T-cells,CUL1,39.0,67.0,9.0,6.0,681-689,RVNINVPMK,9,4,0.5,0.231,44.44444444,Y,4.333333333333333,100.0
Y.enterocolitica,YadA,426,HLA-A*11:01,RVNENVALK,9,0.008,12.59,NetMHCpan,Cytotoxic T-cells,HMGXB3,37.0,67.0,9.0,6.0,834-842,RVSINVVLK,9,4,0.22,0.376,44.44444444,Y,4.111111111111111,100.0
Y.enterocolitica,YadA,426,HLA-A*11:01,RVNENVALK,9,0.008,12.59,NetMHCpan,Cytotoxic T-cells,KIF14,57.0,89.0,9.0,8.0,205-213,RANENVALK,9,6,1.55,0.298,66.66666667,Y,6.333333333333333,100.0
Y.enterocolitica,YadA,426,HLA-A*11:01,RVNENVALK,9,0.008,12.59,NetMHCpan,Cytotoxic T-cells,STARD9,41.0,67.0,9.0,6.0,389-397,RVNEDANLK,9,3,0.09,0.324,33.33333333,Y,4.555555555555555,100.0
Y.enterocolitica,YadA,410,DRB1_0701,VGGYRSSQALAIGSG,15,0.0,11.94,NetMHCIIpan,Helper T-cells,PRR18,,,,,225-239,SPRPGALRPMLKVSL,15,10,2.1,0.186,66.66666667,N,,
Y.enterocolitica,YadA,410,DRB1_0701,VGGYRSSQALAIGSG,15,0.0,11.94,NetMHCIIpan,Helper T-cells,FAP,45.0,71.0,14.0,10.0,626-639,GGYVSSLALASGTG,14,9,2.49,0.114,64.28571429,N,3.2142857142857144,93.33333333333333
Y.enterocolitica,YadA,410,DRB1_0701,VGGYRSSQALAIGSG,15,0.0,11.94,NetMHCIIpan,Helper T-cells,KDM3B,40.0,70.0,10.0,7.0,479-488,SSQPLTFGSG,10,10,1.39,0.287,100.0,Y,4.0,66.66666666666666
Y.enterocolitica,YadA,410,DRB1_0701,VGGYRSSQALAIGSG,15,0.0,11.94,NetMHCIIpan,Helper T-cells,KDM3B,21.0,63.0,8.0,5.0,774-781,GGFLSSPA,8,6,1.13,0.386,75.0,Y,2.625,53.333333333333336
Y.enterocolitica,YadA,410,DRB1_0701,VGGYRSSQALAIGSG,15,0.0,11.94,NetMHCIIpan,Helper T-cells,WDFY2,42.0,57.0,14.0,8.0,150-160,GGYRTSAVASG,11,7,1.21,0.329,63.63636364,Y,3.0,93.33333333333333
