Organism,Protein,Position,HLA Haplotype,Pathogen Peptide,pathogen length,%Rank_EL(X),Aff(nM)(X),Immunogenicity,Type of MHC,Human_match,BLOSUM80 score,Identity percentage,Alignment length (Sequence),Identical aa,Positions,Human Peptide,Human length,Alignment Length (Structure),Structural RMSD,TM-align score (Human chain 2),Structural alignment coverage %,RMSD_Mimic_Target (Y),BLOSUM80_per_residue ,Alignment_coverage_sequence,BLOSUM80_per_residue
C.jejuni,neuA,176,HLA-A*11:01,AGAFYFGTSK,10,0.443,26.78,NetMHCpan,Cytotoxic T-cells,USP8,0,0,0,0,189-199,YTMMTDKNIS,10,6,2.7,0.2,60.0,N,0,0.0,0.0
C.jejuni,neuA,176,HLA-A*11:01,AGAFYFGTSK,10,0.443,26.78,NetMHCpan,Cytotoxic T-cells,AADACL2,37,67,9,6,113-121,GGFCFGSSK,9,5,0.67,0.249,55.55555556,Y,0.552238806,90.0,4.111111111111111
C.jejuni,neuA,176,HLA-A*11:01,AGAFYFGTSK,10,0.443,26.78,NetMHCpan,Cytotoxic T-cells,ADORA3,35,58,12,7,219-230,GAFYGREFKTAK,12,3,0.12,0.237,30.0,Y,0.6034482759,100.0,2.9166666666666665
C.jejuni,neuA,176,HLA-A*11:01,AGAFYFGTSK,10,0.443,26.78,NetMHCpan,Cytotoxic T-cells,DPH2,36,78,9,7,215-223,GAFYVGGSK,9,6,0.98,0.4,66.66666667,Y,0.4615384615,90.0,4.0
C.jejuni,neuA,176,HLA-A*11:01,AGAFYFGTSK,10,0.443,26.78,NetMHCpan,Cytotoxic T-cells,PNLIPRP3,35,75,8,6,8 - 15,AFLFFGTS,8,5,0.89,0.323,62.5,Y,0.4666666667,80.0,4.375
C.jejuni,neuA,176,HLA-A*11:01,AGAFYFGTSK,10,0.443,26.78,NetMHCpan,Cytotoxic T-cells,PNLIPRP3,35,83,6,5,82-87,YFGTDK,6,5,0.79,0.39,83.33333333,Y,0.421686747,60.0,5.833333333333333
C.jejuni,neuA,176,HLA-A*11:01,AGAFYFGTSK,10,0.443,26.78,NetMHCpan,Cytotoxic T-cells,PNLIPRP3,24,50,10,5,193-202,AGPFFHNTPK,10,4,1.39,0.495,40.0,Y,0.48,100.0,2.4
C.jejuni,neuA,191,DRB1_0701,DFIFKPHSSVFVLPR,15,0.46,9.97,NetMHCIIpan,Helper T-cells,KIF26B,0,0,0,0,345-359,GLTEAVLNRYNADKP,15,10,2.31,0.197,66.66666667,N,-,0.0,0.0
C.jejuni,neuA,191,DRB1_0701,DFIFKPHSSVFVLPR,15,0.46,9.97,NetMHCIIpan,Helper T-cells,BPIFB2,28,100,5,5,96-102,NFTFKVF,7,7,0.68,0.477,100.0,Y,0.28,33.33333333333333,5.6
C.jejuni,neuA,191,DRB1_0701,DFIFKPHSSVFVLPR,15,0.46,9.97,NetMHCIIpan,Helper T-cells,MYOT,41,71,7,5,351-357,FIYKPQS,7,6,1.08,0.452,85.71428571,Y,0.5774647887,46.666666666666664,5.857142857142857
C.jejuni,neuA,191,DRB1_0701,DFIFKPHSSVFVLPR,15,0.46,9.97,NetMHCIIpan,Helper T-cells,MYOT,26,44,9,4,37-45,QSSIIIQPR,9,9,1.27,0.498,100.0,Y,0.5909090909,60.0,2.888888888888889
C.jejuni,neuA,191,DRB1_0701,DFIFKPHSSVFVLPR,15,0.46,9.97,NetMHCIIpan,Helper T-cells,NDST2,40,50,14,7,472-482,FIHNGIMVLPR,11,7,0.75,0.434,63.63636364,Y,0.8,93.33333333333333,2.857142857142857
C.jejuni,neuA,191,DRB1_0701,DFIFKPHSSVFVLPR,15,0.46,9.97,NetMHCIIpan,Helper T-cells,NDST4,48,57,14,8,84-94,FIHNSIMVLPR,11,7,0.73,0.456,63.63636364,Y,0.8421052632,93.33333333333333,3.4285714285714284
C.jejuni,neuA,191,DRB1_0701,DFIFKPHSSVFVLPR,15,0.46,9.97,NetMHCIIpan,Helper T-cells,OSBPL1A,40,55,11,6,153-161,DFIFHGSIY,9,9,1.65,0.288,100.0,Y,0.7272727273,73.33333333333333,3.6363636363636362
C.jejuni,neuA,191,DRB1_0701,DFIFKPHSSVFVLPR,15,0.46,9.97,NetMHCIIpan,Helper T-cells,OSBPL1A,31,67,6,4,310-315,SVFIIP,6,6,0.71,0.595,100.0,Y,0.4626865672,40.0,5.166666666666667
C.jejuni,neuA,191,DRB1_0701,DFIFKPHSSVFVLPR,15,0.46,9.97,NetMHCIIpan,Helper T-cells,POLE,41,57,14,8,1502-1515,IFIPSQRRASVFVL,14,11,2.64,0.226,78.57142857,N,0.7192982456,93.33333333333333,2.9285714285714284
C.jejuni,neuA,191,DRB1_0701,DFIFKPHSSVFVLPR,15,0.46,9.97,NetMHCIIpan,Helper T-cells,POLE,35,67,9,6,984-990,IFQSSVF,7,4,0.42,0.364,57.14285714,Y,0.5223880597,60.0,3.888888888888889
E.coli,L-asparaginase,149,HLA-A*02:01,FNLYNAVVTA,10,0.466,14.52,NetMHCpan,Cytotoxic T-cells,CRNN,0,0,0,0,278-287,TSQAVTGGHA,10,4,2.19,0.031,40.0,N,-,0.0,0.0
E.coli,L-asparaginase,149,HLA-A*02:01,FNLYNAVVTA,10,0.466,14.52,NetMHCpan,Cytotoxic T-cells,ADGRA3,41,78,9,7,308-316,NLTNAVATA,9,6,0.21,0.569,66.66666667,Y,0.5256410256,90.0,4.555555555555555
E.coli,L-asparaginase,149,HLA-A*02:01,FNLYNAVVTA,10,0.466,14.52,NetMHCpan,Cytotoxic T-cells,CACNA2D4,44,75,8,6,727-734,LFDAVVTA,8,8,0.34,0.72,100.0,Y,0.5866666667,80.0,5.5
E.coli,L-asparaginase,149,HLA-A*02:01,FNLYNAVVTA,10,0.466,14.52,NetMHCpan,Cytotoxic T-cells,CACNA2D4,29,57,7,4,163-169,FDYYNSV,7,3,0.01,0.428,42.85714286,Y,0.5087719298,70.0,4.142857142857143
E.coli,L-asparaginase,149,HLA-A*02:01,FNLYNAVVTA,10,0.466,14.52,NetMHCpan,Cytotoxic T-cells,CLDN18,37,67,9,6,34-42,DLYNNPVTA,9,5,0.97,0.275,55.55555556,Y,0.552238806,90.0,4.111111111111111
E.coli,L-asparaginase,149,HLA-A*02:01,FNLYNAVVTA,10,0.466,14.52,NetMHCpan,Cytotoxic T-cells,CPSF7,36,56,9,5,29-37,DLYDDVLTA,9,4,0.45,0.258,44.44444444,Y,0.6428571429,90.0,4.0
E.coli,L-asparaginase,149,HLA-A*02:01,FNLYNAVVTA,10,0.466,14.52,NetMHCpan,Cytotoxic T-cells,EPHA2,36,83,6,5,119-124,FNLYYA,6,5,1.3,0.288,83.33333333,Y,0.4337349398,60.0,6.0
E.coli,L-asparaginase,149,HLA-A*02:01,FNLYNAVVTA,10,0.466,14.52,NetMHCpan,Cytotoxic T-cells,IFT81,36,67,9,6,272-278,FNLYMVT,7,7,0.27,0.825,100.0,Y,0.5373134328,90.0,4.0
E.coli,L-asparaginase,149,HLA-A*02:01,FNLYNAVVTA,10,0.466,14.52,NetMHCpan,Cytotoxic T-cells,OXGR1,36,57,7,4,115-121,FNLYSSI,7,7,0.36,0.709,100.0,Y,0.6315789474,70.0,5.142857142857143
E.coli,L-asparaginase,149,HLA-A*02:01,FNLYNAVVTA,10,0.466,14.52,NetMHCpan,Cytotoxic T-cells,OXGR1,25,57,7,4,198-204,YNLILTA,7,7,0.2,0.868,100.0,Y,0.4385964912,70.0,3.5714285714285716
E.coli,L-asparaginase,149,HLA-A*02:01,FNLYNAVVTA,10,0.466,14.52,NetMHCpan,Cytotoxic T-cells,PAXX,36,67,9,6,37-42,FNLYVT,6,5,1.29,0.24,83.33333333,Y,0.5373134328,90.0,4.0
E.coli,L-asparaginase,149,HLA-A*02:01,FNLYNAVVTA,10,0.466,14.52,NetMHCpan,Cytotoxic T-cells,PTPRB,36,71,7,5,836-842,LYSVVVT,7,3,0.12,0.188,42.85714286,Y,0.5070422535,70.0,5.142857142857143
E.coli,L-asparaginase,149,HLA-A*02:01,FNLYNAVVTA,10,0.466,14.52,NetMHCpan,Cytotoxic T-cells,PTPRB,26,57,7,4,1013-1019,LYSVTVT,7,5,0.97,0.204,71.42857143,Y,0.4561403509,70.0,3.7142857142857144
E.coli,L-asparaginase,149,HLA-A*02:01,FNLYNAVVTA,10,0.466,14.52,NetMHCpan,Cytotoxic T-cells,RTN3,38,78,9,7,166-173,FNSYNVVT,8,5,1.01,0.299,62.5,Y,0.4871794872,90.0,4.222222222222222
E.coli,L-asparaginase,149,HLA-A*02:01,FNLYNAVVTA,10,0.466,14.52,NetMHCpan,Cytotoxic T-cells,WDR81,37,60,10,6,1875-1884,FDLYGSEVVT,10,5,1.58,0.11,50.0,Y,0.6166666667,100.0,3.7
E.coli,L-asparaginase,238,DRB1_0401,IVYNYANASDLPAKA,15,0.07,41.01,NetMHCIIpan,Helper T-cells,PRR18,0,0,0,0,225-239,SPRPGALRPMLKVSL,15,12,2.02,0.198,80.0,N,-,0.0,0.0
E.coli,L-asparaginase,238,DRB1_0401,IVYNYANASDLPAKA,15,0.07,41.01,NetMHCIIpan,Helper T-cells,CACNG2,44,64,14,9,154-166,IVYISANAGDPSK,13,6,0.08,0.449,46.15384615,Y,0.6875,93.33333333333333,3.142857142857143
E.coli,L-asparaginase,238,DRB1_0401,IVYNYANASDLPAKA,15,0.07,41.01,NetMHCIIpan,Helper T-cells,DOCK11,42,60,15,9,1553-1566,IINNFANSDRPMKA,14,7,0.97,0.377,50.0,Y,0.7,100.0,2.8
E.coli,L-asparaginase,238,DRB1_0401,IVYNYANASDLPAKA,15,0.07,41.01,NetMHCIIpan,Helper T-cells,DOCK11,23,67,6,4,1024-1029,NYSLAS,6,6,0.11,0.951,100.0,Y,0.3432835821,40.0,3.8333333333333335
E.coli,L-asparaginase,238,DRB1_0401,IVYNYANASDLPAKA,15,0.07,41.01,NetMHCIIpan,Helper T-cells,NWD2,40,53,15,8,396-406,IVHNYILPSKA,11,6,0.14,0.509,54.54545455,Y,0.7547169811,100.0,2.6666666666666665
EBV,gp110,77,HLA-A*11:01,HTEGLLMVFK,10,0.483,27.63,NetMHCpan,Cytotoxic T-cells,GIMAP8,0,0,0,0,343-352,VLSTIQNNFG,10,4,2.16,0.042,40.0,N,-,0.0,0.0
EBV,gp110,77,HLA-A*11:01,HTEGLLMVFK,10,0.483,27.63,NetMHCpan,Cytotoxic T-cells,HSPA6,0,0,0,0,136-145,YLGQPVKHAV,10,9,2.37,0.344,90.0,N,-,0.0,0.0
EBV,gp110,77,HLA-A*11:01,HTEGLLMVFK,10,0.483,27.63,NetMHCpan,Cytotoxic T-cells,HSPA8,0,0,0,0,134-143,YLGKTVTNAV,10,9,2.39,0.333,90.0,N,-,0.0,0.0
EBV,gp110,77,HLA-A*11:01,HTEGLLMVFK,10,0.483,27.63,NetMHCpan,Cytotoxic T-cells,HSPA1L,0,0,0,0,136-145,FLGHPVTNAV,10,9,2.39,0.348,90.0,N,-,0.0,0.0
EBV,gp110,77,HLA-A*11:01,HTEGLLMVFK,10,0.483,27.63,NetMHCpan,Cytotoxic T-cells,HSPA5,0,0,0,0,160-169,YLGKKVTHAV,10,9,2.4,0.371,90.0,N,-,0.0,0.0
EBV,gp110,77,HLA-A*11:01,HTEGLLMVFK,10,0.483,27.63,NetMHCpan,Cytotoxic T-cells,ARFGEF3,42,67,9,6,773-781,QTSGVLMVF,9,6,1.6,0.263,66.66666667,Y,0.6268656716,90.0,4.666666666666667
EBV,gp110,77,HLA-A*11:01,HTEGLLMVFK,10,0.483,27.63,NetMHCpan,Cytotoxic T-cells,CLSTN2,40,50,14,7,344-357,TAGLLVDSSEMIFK,14,10,3.32,0.251,100.0,N,0.8,100.0,2.857142857142857
EBV,gp110,77,HLA-A*11:01,HTEGLLMVFK,10,0.483,27.63,NetMHCpan,Cytotoxic T-cells,CTNNB1,44,70,10,7,224-233,HREGLLAIFK,10,6,1.64,0.153,60.0,Y,0.6285714286,100.0,4.4
EBV,gp110,77,HLA-A*11:01,HTEGLLMVFK,10,0.483,27.63,NetMHCpan,Cytotoxic T-cells,FLG,54,89,9,8,71-79,TEFLLMVFK,9,6,1.85,0.152,66.66666667,Y,0.606741573,90.0,6.0
EBV,gp110,77,HLA-A*11:01,HTEGLLMVFK,10,0.483,27.63,NetMHCpan,Cytotoxic T-cells,FLG2,49,78,9,7,72-80,TEFLLMIFK,9,6,1.84,0.121,66.66666667,Y,0.6282051282,90.0,5.444444444444445
EBV,gp110,77,HLA-A*11:01,HTEGLLMVFK,10,0.483,27.63,NetMHCpan,Cytotoxic T-cells,HRNR,44,78,9,7,72-80,TEYLLMIFK,9,6,1.82,0.121,66.66666667,Y,0.5641025641,90.0,4.888888888888889
EBV,gp110,77,HLA-A*11:01,HTEGLLMVFK,10,0.483,27.63,NetMHCpan,Cytotoxic T-cells,JUP,44,70,10,7,215-224,HREGLLAIFK,10,6,1.14,0.162,60.0,Y,0.6285714286,100.0,4.4
EBV,gp110,77,HLA-A*11:01,HTEGLLMVFK,10,0.483,27.63,NetMHCpan,Cytotoxic T-cells,R3HCC1L,47,78,9,7,642-650,HTEDLLREVF,10,5,1.03,0.129,50.0,Y,0.6025641026,90.0,5.222222222222222
EBV,gp110,77,HLA-A*11:01,HTEGLLMVFK,10,0.483,27.63,NetMHCpan,Cytotoxic T-cells,RORA,39,70,10,7,484-492,HTEKLMAFK,9,3,0.68,0.118,33.33333333,Y,0.5571428571,100.0,3.9
EBV,gp110,77,HLA-A*11:01,HTEGLLMVFK,10,0.483,27.63,NetMHCpan,Cytotoxic T-cells,SLITRK2,42,47,17,8,613-629,HTEVPLSVLILGLLVVF,17,10,1.73,0.1,100.0,Y,0.8936170213,100.0,2.4705882352941178
EBV,gp110,77,HLA-A*11:01,HTEGLLMVFK,10,0.483,27.63,NetMHCpan,Cytotoxic T-cells,SYCE1L,39,70,10,7,28-37,TEDLLAMVIK,10,6,1.75,0.119,60.0,Y,0.5571428571,100.0,3.9
EBV,gp110,722,DRB1_1501,VSGFISFFKNPFGGM,15,0.28,12.88,NetMHCIIpan,Helper T-cells,KIF26B,0,0,0,0,345-359,GLTEAVLNRYNADKP,15,5,2.81,0.032,33.33333333,N,-,0.0,0.0
EBV,gp110,722,DRB1_1501,VSGFISFFKNPFGGM,15,0.28,12.88,NetMHCIIpan,Helper T-cells,PRR18,0,0,0,0,225-239,SPRPGALRPMLKVSL,15,7,2.52,0.24522,46.66666667,N,-,0.0,0.0
EBV,gp110,722,DRB1_1501,VSGFISFFKNPFGGM,15,0.28,12.88,NetMHCIIpan,Helper T-cells,ITPR2,41,58,12,7,1487-1495,VSGFFNSPF,9,9,0.77,0.611,100.0,Y,0.7068965517,80.0,3.4166666666666665
EBV,gp110,722,DRB1_1501,VSGFISFFKNPFGGM,15,0.28,12.88,NetMHCIIpan,Helper T-cells,ITPR2,36,83,6,5,23-28,VNGFIS,6,6,1.19,0.265,100.0,Y,0.4337349398,40.0,6.0
EBV,gp110,722,DRB1_1501,VSGFISFFKNPFGGM,15,0.28,12.88,NetMHCIIpan,Helper T-cells,ITPR2,22,50,6,3,161-166,FYIHPF,6,6,1.01,0.363,100.0,Y,0.44,40.0,3.6666666666666665
EBV,gp110,722,DRB1_1501,VSGFISFFKNPFGGM,15,0.28,12.88,NetMHCIIpan,Helper T-cells,ITPR2,21,57,7,4,1588-1594,FKEALGG,7,6,1.2,0.55,85.71428571,Y,0.3684210526,46.666666666666664,3.0
EBV,gp110,722,DRB1_1501,VSGFISFFKNPFGGM,15,0.28,12.88,NetMHCIIpan,Helper T-cells,OR52N1,42,50,14,7,255-268,VPAFFTFFTHHFGG,14,12,1.2,0.489,85.71428571,Y,0.84,93.33333333333333,3.0
EBV,gp110,722,DRB1_1501,VSGFISFFKNPFGGM,15,0.28,12.88,NetMHCIIpan,Helper T-cells,OR52N1,25,56,9,5,104-112,FFVHTFTGM,9,9,0.55,0.603,100.0,Y,0.4464285714,60.0,2.7777777777777777
M.tuberculosis,hsp65,509,HLA-A*02:01,GLFLTTEAV,9,0.329,32.23,NetMHCpan,Cytotoxic T-cells,ISCA1,0,0,0,0,19-27,QPTRAALTL,9,7,2.32,0.388,77.77777778,N,-,0.0,0.0
M.tuberculosis,hsp65,509,HLA-A*02:01,GLFLTTEAV,9,0.329,32.23,NetMHCpan,Cytotoxic T-cells,CNTNAP4,0,0,0,0,437-445,IYSGGTYYF,9,7,2.12,0.265,77.77777778,N,-,0.0,0.0
M.tuberculosis,hsp65,509,HLA-A*02:01,GLFLTTEAV,9,0.329,32.23,NetMHCpan,Cytotoxic T-cells,DENND4B,0,0,0,0,2026-11-19 00:00:00,AMAEERPPR,9,7,2.46,0.116,77.77777778,N,-,0.0,0.0
M.tuberculosis,hsp65,509,HLA-A*02:01,GLFLTTEAV,9,0.329,32.23,NetMHCpan,Cytotoxic T-cells,SEZ6,0,0,0,0,549-557,YPVGTTVEF,9,7,2.0,0.168,77.77777778,N,-,0.0,0.0
M.tuberculosis,hsp65,509,HLA-A*02:01,GLFLTTEAV,9,0.329,32.23,NetMHCpan,Cytotoxic T-cells,ABHD13,38,67,9,6,164-172,GLYLDSEAV,9,6,0.15,0.61,66.66666667,Y,0.5671641791,100.0,4.222222222222222
M.tuberculosis,hsp65,509,HLA-A*02:01,GLFLTTEAV,9,0.329,32.23,NetMHCpan,Cytotoxic T-cells,ECSCR,41,78,9,7,40-48,GLSLTTEPV,9,6,1.16,0.265,66.66666667,Y,0.5256410256,100.0,4.555555555555555
M.tuberculosis,hsp65,261,HLA-A*11:01,VVNKIRGTFK,10,0.329,32.23,NetMHCpan,Cytotoxic T-cells,PNLIPRP3,0,0,0,0,193-202,AGPFFHNTPK,10,7,2.18,0.264,70.0,N,-,0.0,0.0
M.tuberculosis,hsp65,261,HLA-A*11:01,VVNKIRGTFK,10,0.329,32.23,NetMHCpan,Cytotoxic T-cells,VEPH1,0,0,0,0,790-799,IFTDNKTYVF,10,6,2.35,0.249,60.0,N,-,0.0,0.0
M.tuberculosis,hsp65,261,HLA-A*11:01,VVNKIRGTFK,10,0.329,32.23,NetMHCpan,Cytotoxic T-cells,ADGRF1,43,57,14,8,144-157,VNFCERTKIWGTFK,14,7,3.15,0.10913,70.0,N,0.7543859649,100.0,3.0714285714285716
M.tuberculosis,hsp65,261,HLA-A*11:01,VVNKIRGTFK,10,0.329,32.23,NetMHCpan,Cytotoxic T-cells,AFG3L2,39,64,11,7,190-200,VVNKRFVRVTF,11,6,0.79,0.262,60.0,Y,0.609375,100.0,3.5454545454545454
M.tuberculosis,hsp65,261,HLA-A*11:01,VVNKIRGTFK,10,0.329,32.23,NetMHCpan,Cytotoxic T-cells,FAM83H,37,78,9,7,1168-1176,VPKILGTFK,9,3,0.29,0.258,33.33333333,Y,0.4743589744,90.0,4.111111111111111
M.tuberculosis,hsp65,261,HLA-A*11:01,VVNKIRGTFK,10,0.329,32.23,NetMHCpan,Cytotoxic T-cells,GALM,40,64,11,7,79-89,VANRIAKGTFK,11,4,0.6,0.168,40.0,Y,0.625,100.0,3.6363636363636362
M.tuberculosis,hsp65,261,HLA-A*11:01,VVNKIRGTFK,10,0.329,32.23,NetMHCpan,Cytotoxic T-cells,PECR,38,60,10,6,289-298,VVKKMKETFK,10,7,0.1,0.674,70.0,Y,0.6333333333,100.0,3.8
M.tuberculosis,hsp65,261,HLA-A*11:01,VVNKIRGTFK,10,0.329,32.23,NetMHCpan,Cytotoxic T-cells,SNRPB2,40,56,9,5,90-96,IISKMRG,7,7,0.12,0.947,100.0,Y,0.7142857143,90.0,4.444444444444445
M.tuberculosis,hsp65,261,HLA-A*11:01,VVNKIRGTFK,10,0.329,32.23,NetMHCpan,Cytotoxic T-cells,ST3GAL1,37,67,9,6,331-338,INKIRIFK,8,5,0.24,0.526,62.5,Y,0.552238806,90.0,4.111111111111111
M.tuberculosis,hsp65,261,HLA-A*11:01,VVNKIRGTFK,10,0.329,32.23,NetMHCpan,Cytotoxic T-cells,TAS2R9,47,78,9,7,171-179,VSKIPGTFK,9,5,0.39,0.45,55.55555556,Y,0.6025641026,90.0,5.222222222222222
M.tuberculosis,hsp65,261,HLA-A*11:01,VVNKIRGTFK,10,0.329,32.23,NetMHCpan,Cytotoxic T-cells,TMPO,38,60,10,6,294-303,VVNRVTGNFK,10,3,0.32,0.216,30.0,Y,0.6333333333,100.0,3.8
M.tuberculosis,hsp65,261,HLA-A*11:01,VVNKIRGTFK,10,0.329,32.23,NetMHCpan,Cytotoxic T-cells,TNFRSF21,41,86,7,6,490-496,VVEKIRG,7,7,0.16,0.91,100.0,Y,0.476744186,70.0,5.857142857142857
M.tuberculosis,hsp65,261,HLA-A*11:01,VVNKIRGTFK,10,0.329,32.23,NetMHCpan,Cytotoxic T-cells,XNDC1N,38,70,10,7,171-179,VLNKIREFK,9,7,0.14,0.722,77.77777778,Y,0.5428571429,100.0,3.8
M.tuberculosis,hsp65,508,DRB1_0701,AGLFLTTEAVVADKP,15,0.2,33.55,NetMHCIIpan,Helper T-cells,KIF26B,43,56,18,10,345-359,GLTEAVLNRYNADKP,15,8,1.68,0.186,53.33333333,Y,0.7678571429,100.0,2.388888888888889
M.tuberculosis,hsp65,508,DRB1_0701,AGLFLTTEAVVADKP,15,0.2,33.55,NetMHCIIpan,Helper T-cells,KIF26B,23,67,6,4,161-166,AVIHDK,6,6,0.16,0.914,100.0,Y,0.3432835821,40.0,3.8333333333333335
P.copri,Molecular Chaperone Dnak,127,HLA-A*02:01,YLGQEVTDAV,10,0.395,11.75,NetMHCpan,Cytotoxic T-cells,ANKRD52,40,70,10,7,248-254,YLGQDAV,7,5,0.84,0.41,71.42857143,Y,0.5714285714,100.0,4.0
P.copri,Molecular Chaperone Dnak,127,HLA-A*02:01,YLGQEVTDAV,10,0.395,11.75,NetMHCpan,Cytotoxic T-cells,CFTR,44,80,10,8,89-97,YLGEVTKAV,9,3,0.06,0.328,33.33333333,Y,0.55,100.0,4.4
P.copri,Molecular Chaperone Dnak,127,HLA-A*02:01,YLGQEVTDAV,10,0.395,11.75,NetMHCpan,Cytotoxic T-cells,CPOX,40,70,10,7,287-294,YLNQEDAV,8,6,1.51,0.323,75.0,Y,0.5714285714,100.0,4.0
P.copri,Molecular Chaperone Dnak,127,HLA-A*02:01,YLGQEVTDAV,10,0.395,11.75,NetMHCpan,Cytotoxic T-cells,EML6,40,67,9,6,1846-1854,LGKQVTEAV,9,9,1.78,0.497,100.0,Y,0.5970149254,90.0,4.444444444444445
P.copri,Molecular Chaperone Dnak,127,HLA-A*02:01,YLGQEVTDAV,10,0.395,11.75,NetMHCpan,Cytotoxic T-cells,GRK3,38,71,7,5,519-525,QEVTETV,7,5,0.57,0.4,71.42857143,Y,0.5352112676,70.0,5.428571428571429
P.copri,Molecular Chaperone Dnak,127,HLA-A*02:01,YLGQEVTDAV,10,0.395,11.75,NetMHCpan,Cytotoxic T-cells,GRK3,21,50,6,3,356-361,YMAPEV,6,4,0.54,0.324,66.66666667,Y,0.42,60.0,3.5
P.copri,Molecular Chaperone Dnak,127,HLA-A*02:01,YLGQEVTDAV,10,0.395,11.75,NetMHCpan,Cytotoxic T-cells,HSPA1L,40,60,10,6,136-145,FLGHPVTNAV,10,10,0.15,0.927,100.0,Y,0.6666666667,100.0,4.0
P.copri,Molecular Chaperone Dnak,127,HLA-A*02:01,YLGQEVTDAV,10,0.395,11.75,NetMHCpan,Cytotoxic T-cells,HSPA5,39,70,10,7,160-169,YLGKKVTHAV,10,10,0.1,0.963,100.0,Y,0.5571428571,100.0,3.9
P.copri,Molecular Chaperone Dnak,127,HLA-A*02:01,YLGQEVTDAV,10,0.395,11.75,NetMHCpan,Cytotoxic T-cells,HSPA6,39,70,10,7,136-145,YLGQPVKHAV,10,10,0.11,0.952,100.0,Y,0.5571428571,100.0,3.9
P.copri,Molecular Chaperone Dnak,127,HLA-A*02:01,YLGQEVTDAV,10,0.395,11.75,NetMHCpan,Cytotoxic T-cells,HSPA8,43,70,10,7,134-143,YLGKTVTNAV,10,10,0.14,0.934,100.0,Y,0.6142857143,100.0,4.3
P.copri,Molecular Chaperone Dnak,127,HLA-A*02:01,YLGQEVTDAV,10,0.395,11.75,NetMHCpan,Cytotoxic T-cells,MYOM2,47,67,12,8,927-938,YLGFDCQEMTDA,12,4,0.35,0.224,40.0,Y,0.7014925373,100.0,3.9166666666666665
P.copri,Molecular Chaperone Dnak,263,DRB1_0701,KIELSSSTSTEINLP,15,0.33,43.18,NetMHCIIpan,Helper T-cells,CDKN2AIP,44,53,17,9,288-304,IEVPLLGSSGSSEVELP,17,9,1.8,0.189,60.0,Y,0.8301886792,100.0,2.588235294117647
P.copri,Molecular Chaperone Dnak,263,DRB1_0701,KIELSSSTSTEINLP,15,0.33,43.18,NetMHCIIpan,Helper T-cells,CDKN2AIP,32,83,6,5,350-355,SSSTNT,6,6,0.81,0.543,100.0,Y,0.3855421687,40.0,5.333333333333333
P.copri,Molecular Chaperone Dnak,263,DRB1_0701,KIELSSSTSTEINLP,15,0.33,43.18,NetMHCIIpan,Helper T-cells,CDKN2AIP,28,86,7,6,400-406,SSSQTST,7,7,1.3,0.31,100.0,Y,0.3255813953,46.666666666666664,4.0
P.copri,Molecular Chaperone Dnak,263,DRB1_0701,KIELSSSTSTEINLP,15,0.33,43.18,NetMHCIIpan,Helper T-cells,CDKN2AIP,21,83,6,5,375-380,SSSQTS,6,6,1.04,0.383,100.0,Y,0.2530120482,40.0,3.5
P.copri,Molecular Chaperone Dnak,263,DRB1_0701,KIELSSSTSTEINLP,15,0.33,43.18,NetMHCIIpan,Helper T-cells,DCLK2,43,57,14,8,104-117,IELTRSLSDNVNLP,14,9,1.27,0.309,64.28571429,Y,0.7543859649,93.33333333333333,3.0714285714285716
P.copri,Molecular Chaperone Dnak,263,DRB1_0701,KIELSSSTSTEINLP,15,0.33,43.18,NetMHCIIpan,Helper T-cells,HSPA9,66,73,15,11,316-330,KCELSSSVQTDINLP,15,15,0.16,0.911,100.0,Y,0.904109589,100.0,4.4
P.copri,Molecular Chaperone Dnak,263,DRB1_0701,KIELSSSTSTEINLP,15,0.33,43.18,NetMHCIIpan,Helper T-cells,NTSC1B,26,45,11,5,140-148,SRNTSAKLP,9,6,1.45,0.254,66.66666667,Y,0.5777777778,73.33333333333333,2.3636363636363638
P.mirabilis,Hemolysin,680,HLA-A*11:01,TSLAITGHAK,10,0.395,26.82,NetMHCpan,Cytotoxic T-cells,JUP,0,0,0,0,215-224,HREGLLAIFK,10,7,2.98,0.15,70.0,N,-,0.0,0.0
P.mirabilis,Hemolysin,680,HLA-A*11:01,TSLAITGHAK,10,0.395,26.82,NetMHCpan,Cytotoxic T-cells,SYCE1L,0,0,0,0,28-37,TEDLLAMVIK,10,7,2.95,0.14,70.0,N,-,0.0,0.0
P.mirabilis,Hemolysin,680,HLA-A*11:01,TSLAITGHAK,10,0.395,26.82,NetMHCpan,Cytotoxic T-cells,CTNNB1,0,0,0,0,224-233,HREGLLAIFK,10,7,2.94,0.172,70.0,N,-,0.0,0.0
P.mirabilis,Hemolysin,680,HLA-A*11:01,TSLAITGHAK,10,0.395,26.82,NetMHCpan,Cytotoxic T-cells,CRNN,34,70,10,7,278-287,TSQAVTGGHA,10,9,1.13,0.287,90.0,Y,0.4857142857,100.0,3.4
P.mirabilis,Hemolysin,680,HLA-A*11:01,TSLAITGHAK,10,0.395,26.82,NetMHCpan,Cytotoxic T-cells,CRNN,29,71,7,5,338-344,TSQAVTG,7,7,1.18,0.372,100.0,Y,0.4084507042,70.0,4.142857142857143
P.mirabilis,Hemolysin,680,HLA-A*11:01,TSLAITGHAK,10,0.395,26.82,NetMHCpan,Cytotoxic T-cells,DSCAML1,45,70,10,7,797-806,TTIAIKGHAK,10,5,0.42,0.3,50.0,Y,0.6428571429,100.0,4.5
P.mirabilis,Hemolysin,324,DRB1_0404,GKNITLVASSHNQIK,15,0.43,30.12,NetMHCIIpan,Helper T-cells,OMD,41,57,14,8,118-128,KEINLSHNKIK,11,8,1.48,0.361,72.72727273,Y,0.7192982456,93.33333333333333,2.9285714285714284
P.mirabilis,Hemolysin,324,DRB1_0404,GKNITLVASSHNQIK,15,0.43,30.12,NetMHCIIpan,Helper T-cells,PRCP,40,57,14,8,413-422,DKNISSHTNI,10,6,3.07,0.213,60.0,N,0.701754386,93.33333333333333,2.857142857142857
P.mirabilis,Hemolysin,324,DRB1_0404,GKNITLVASSHNQIK,15,0.43,30.12,NetMHCIIpan,Helper T-cells,PRCP,33,67,9,6,439-447,KDITDTLVA,9,4,0.26,0.353,44.44444444,Y,0.4925373134,60.0,3.6666666666666665
P.mirabilis,Hemolysin,324,DRB1_0404,GKNITLVASSHNQIK,15,0.43,30.12,NetMHCIIpan,Helper T-cells,PRUNE2,42,73,11,8,101-111,GKLSITLVGSS,11,6,0.48,0.334,54.54545455,Y,0.5753424658,73.33333333333333,3.8181818181818183
P.mirabilis,Hemolysin,324,DRB1_0404,GKNITLVASSHNQIK,15,0.43,30.12,NetMHCIIpan,Helper T-cells,ZNF121,40,56,16,9,290-304,GKAFTVSSSLHNHVK,15,11,1.21,0.278,73.33333333,Y,0.7142857143,100.0,2.5
P.mirabilis,Hemolysin,324,DRB1_0404,GKNITLVASSHNQIK,15,0.43,30.12,NetMHCIIpan,Helper T-cells,ZNF121,28,83,6,5,351-356,ASSHLQ,6,4,0.68,0.269,66.66666667,Y,0.3373493976,40.0,4.666666666666667
HTLV-1,Tax Protein,219,HLA-B*07:02,QPARAPVTL,9,0.02,41.67,NetMHCpan,Cytotoxic T-cells,GRIA4,0,0,0,0,821-829,LVGGLGLAM,9,4,2.0,0.049,44.44444444,N,-,0.0,0.0
HTLV-1,Tax Protein,219,HLA-B*07:02,QPARAPVTL,9,0.02,41.67,NetMHCpan,Cytotoxic T-cells,CCDCP28B,43,78,9,7,16-24,QPAQAPGTL,9,6,1.47,0.188,66.66666667,Y,0.5512820513,100.0,4.777777777777778
HTLV-1,Tax Protein,219,HLA-B*07:02,QPARAPVTL,9,0.02,41.67,NetMHCpan,Cytotoxic T-cells,FOXK1,40,78,9,7,605-612,QPATPVTL,8,5,1.1,0.231,62.5,Y,0.5128205128,100.0,4.444444444444445
HTLV-1,Tax Protein,219,HLA-B*07:02,QPARAPVTL,9,0.02,41.67,NetMHCpan,Cytotoxic T-cells,GALECTIN-12,45,78,9,7,246-254,QAAHAPVTL,9,6,1.01,0.349,66.66666667,Y,0.5769230769,100.0,5.0
HTLV-1,Tax Protein,219,HLA-B*07:02,QPARAPVTL,9,0.02,41.67,NetMHCpan,Cytotoxic T-cells,ISCA1,39,67,9,6,19-27,QPTRAALTL,9,6,1.61,0.366,66.66666667,Y,0.5820895522,100.0,4.333333333333333
HTLV-1,Tax Protein,219,HLA-B*07:02,QPARAPVTL,9,0.02,41.67,NetMHCpan,Cytotoxic T-cells,NAA,41,78,9,7,304-311,QPRPPVTL,8,5,1.62,0.288,62.5,Y,0.5256410256,100.0,4.555555555555555
HTLV-1,Tax Protein,219,HLA-B*07:02,QPARAPVTL,9,0.02,41.67,NetMHCpan,Cytotoxic T-cells,RBPJ,39,67,9,6,420-428,QPVQVPVTL,9,4,0.12,0.42,44.44444444,Y,0.5820895522,100.0,4.333333333333333
HTLV-1,Tax Protein,219,HLA-B*07:02,QPARAPVTL,9,0.02,41.67,NetMHCpan,Cytotoxic T-cells,SH3,42,88,8,7,1499-1505,QPRAPVT,7,6,1.27,0.284,85.71428571,Y,0.4772727273,88.88888888888889,5.25
HTLV-1,Tax Protein,219,HLA-B*07:02,QPARAPVTL,9,0.02,41.67,NetMHCpan,Cytotoxic T-cells,SH3,25,67,6,4,1202-1505,PAMSPVQPRAPVT,13,4,1.11,0.079,44.44444444,Y,0.3731343284,66.66666666666666,4.166666666666667
HTLV-1,Tax Protein,219,HLA-B*07:02,QPARAPVTL,9,0.02,41.67,NetMHCpan,Cytotoxic T-cells,TFIID,37,70,10,7,60-69,QPLRSPVGTL,10,6,1.32,0.244,66.66666667,Y,0.5285714286,100.0,3.7
HTLV-1,Tax Protein,219,HLA-B*07:02,QPARAPVTL,9,0.02,41.67,NetMHCpan,Cytotoxic T-cells,TJAP1,38,67,9,6,389-397,QPSPAPLTL,9,5,1.58,0.157,55.55555556,Y,0.5671641791,100.0,4.222222222222222
HTLV-1,Tax Protein,219,HLA-B*07:02,QPARAPVTL,9,0.02,41.67,NetMHCpan,Cytotoxic T-cells,TRIM47,38,67,9,6,14-22,EPLREPVTL,9,6,1.08,0.384,66.66666667,Y,0.5671641791,100.0,4.222222222222222
HTLV-1,Tax Protein,231,DRB1_1501,QNGLLPFHSTLTTPG,15,0.16,0.25,NetMHCIIpan,Helper T-cells,KIF26B,0,0,0,0,345-359,GLTEAVLNRYNADKP,15,8,3.03,0.113,53.33333333,N,-,0.0,0.0
HTLV-1,Tax Protein,231,DRB1_1501,QNGLLPFHSTLTTPG,15,0.16,0.25,NetMHCIIpan,Helper T-cells,PHKA5,43,70,10,7,410-419,LPRHSTLSSP,10,7,1.33,0.214,70.0,Y,0.6142857143,66.66666666666666,4.3
HTLV-1,Tax Protein,231,DRB1_1501,QNGLLPFHSTLTTPG,15,0.16,0.25,NetMHCIIpan,Helper T-cells,PHKA5,37,70,10,7,617-623,QNGLLST,7,3,0.1,0.411,42.85714286,Y,0.5285714286,66.66666666666666,3.7
P.gingivalis,Peptidyleminase,243,HLA-A*02:01,YLAPNKILI,9,0.06,18.38,NetMHCpan,Cytotoxic T-cells,DENND4B,0,0,0,0,2026-11-19 00:00:00,AMAEERPPR,9,7,2.55,0.242,77.77777778,N,-,0.0,0.0
P.gingivalis,Peptidyleminase,243,HLA-A*02:01,YLAPNKILI,9,0.06,18.38,NetMHCpan,Cytotoxic T-cells,CLCC1,44,78,9,7,100-106,YLNKILI,7,5,1.12,0.389,71.42857143,Y,0.5641025641,100.0,4.888888888888889
P.gingivalis,Peptidyleminase,243,HLA-A*02:01,YLAPNKILI,9,0.06,18.38,NetMHCpan,Cytotoxic T-cells,Na-K ATPase,30,46,13,6,504-516,YLLVMKGAPERIL,13,4,0.35,0.21,44.44444444,Y,0.652173913,100.0,2.3076923076923075
P.gingivalis,Peptidyleminase,243,HLA-A*02:01,YLAPNKILI,9,0.06,18.38,NetMHCpan,Cytotoxic T-cells,PCDHGA10,39,67,9,6,331-339,YLATAKVLI,9,5,0.57,0.406,55.55555556,Y,0.5820895522,100.0,4.333333333333333
P.gingivalis,Peptidyleminase,243,HLA-A*02:01,YLAPNKILI,9,0.06,18.38,NetMHCpan,Cytotoxic T-cells,WD,36,75,8,6,160-165,YLNKIL,6,6,0.79,0.52,100.0,Y,0.48,88.88888888888889,4.5
P.gingivalis,Peptidyleminase,433,DRB1_0401,VEYYISAADNSGRKE,15,0.0,0.43,NetMHCIIpan,Helper T-cells,PRR18,0,0,0,0,225-239,SPRPGALRPMLKVSL,15,10,2.3,0.139,66.66666667,N,-,0.0,0.0
P.gingivalis,Peptidyleminase,433,DRB1_0401,VEYYISAADNSGRKE,15,0.0,0.43,NetMHCIIpan,Helper T-cells,NDNF,43,58,12,7,133-144,VEYFISSSSPSG,12,8,1.12,0.29,66.66666667,Y,0.7413793103,80.0,3.5833333333333335
P.gingivalis,Peptidyleminase,433,DRB1_0401,VEYYISAADNSGRKE,15,0.0,0.43,NetMHCIIpan,Helper T-cells,NDNF,33,86,7,6,260-265,DNSGKE,6,3,0.21,0.428,50.0,Y,0.3837209302,46.666666666666664,4.714285714285714
A.johnsonii,Aldehyde dehydrogenase,231,HLA-B*35:01,SPAVIDPEY,9,0.005,7.23,NetMHCpan,Cytotoxic T-cells,DNAH14,41,70,10,7,3999-4008,SPNVTIDPEF,10,6,0.66,0.413,66.66666667,Y,0.5857142857,100.0,4.1
A.johnsonii,Aldehyde dehydrogenase,47,DRB1_0301,LKALINDHREAIIEA,15,0.07,25.02,NetMHCIIpan,Helper T-cells,PRR18,0,0,0,0,225-239,SPRPGALRPMLKVSL,15,11,2.65,0.174,73.33333333,N,-,0.0,0.0
A.johnsonii,Aldehyde dehydrogenase,47,DRB1_0301,LKALINDHREAIIEA,15,0.07,25.02,NetMHCIIpan,Helper T-cells,KIF26B,0,0,0,0,345-359,GLTEAVLNRYNADKP,15,7,2.82,0.099,46.66666667,N,-,0.0,0.0
A.johnsonii,Aldehyde dehydrogenase,47,DRB1_0301,LKALINDHREAIIEA,15,0.07,25.02,NetMHCIIpan,Helper T-cells,CCDC88A,51,53,17,9,197-213,LKRLIDERDEHSETIIE,17,9,1.28,0.456,60.0,Y,0.9622641509,100.0,3.0
A.johnsonii,Aldehyde dehydrogenase,47,DRB1_0301,LKALINDHREAIIEA,15,0.07,25.02,NetMHCIIpan,Helper T-cells,CCDC88A,32,50,12,6,1149-1160,LKSLYDSLIKDH,12,8,0.17,0.602,66.66666667,Y,0.64,80.0,2.6666666666666665
A.johnsonii,Aldehyde dehydrogenase,47,DRB1_0301,LKALINDHREAIIEA,15,0.07,25.02,NetMHCIIpan,Helper T-cells,CEP295,45,50,22,11,1351-1372,LKALQEQLATQREAIILARQEA,22,9,0.41,0.318,60.0,Y,0.9,100.0,2.0454545454545454
A.finegoldii,Mg chelatase subunit ChID,289,HLA-B*07:02,SPRPGEVSL,9,0.001,4.72,NetMHCpan,Cytotoxic T-cells,ADGRA3,0,0,0,0,308-316,NLTNAVATA,9,7,2.02,0.505,77.77777778,N,-,0.0,0.0
A.finegoldii,Mg chelatase subunit ChID,289,HLA-B*07:02,SPRPGEVSL,9,0.001,4.72,NetMHCpan,Cytotoxic T-cells,TASP1,0,0,0,0,250-258,VSSGGLALK,9,8,2.39,0.232,88.88888889,N,-,0.0,0.0
A.finegoldii,Mg chelatase subunit ChID,289,HLA-B*07:02,SPRPGEVSL,9,0.001,4.72,NetMHCpan,Cytotoxic T-cells,KIF14,0,0,0,0,205-213,RANENVALK,9,7,2.36,0.18,77.77777778,N,-,0.0,0.0
A.finegoldii,Mg chelatase subunit ChID,289,HLA-B*07:02,SPRPGEVSL,9,0.001,4.72,NetMHCpan,Cytotoxic T-cells,COL1A1,34,54,13,7,522-534,SPGEAGRPGEAGL,13,7,1.63,0.111,77.77777778,Y,0.6296296296,100.0,2.6153846153846154
A.finegoldii,Mg chelatase subunit ChID,289,HLA-B*07:02,SPRPGEVSL,9,0.001,4.72,NetMHCpan,Cytotoxic T-cells,HELZ2,38,78,9,7,1452-1460,SPRPGPSSL,9,6,1.61,0.197,66.66666667,Y,0.4871794872,100.0,4.222222222222222
A.finegoldii,Mg chelatase subunit ChID,289,HLA-B*07:02,SPRPGEVSL,9,0.001,4.72,NetMHCpan,Cytotoxic T-cells,HIVEP3,43,75,8,6,166-173,PRPSQVSL,8,6,1.35,0.207,75.0,Y,0.5733333333,88.88888888888889,5.375
A.finegoldii,Mg chelatase subunit ChID,289,HLA-B*07:02,SPRPGEVSL,9,0.001,4.72,NetMHCpan,Cytotoxic T-cells,HIVEP3,23,67,6,4,2096-2101,SPSAGE,6,6,1.06,0.405,100.0,Y,0.3432835821,66.66666666666666,3.8333333333333335
A.finegoldii,Mg chelatase subunit ChID,289,HLA-B*07:02,SPRPGEVSL,9,0.001,4.72,NetMHCpan,Cytotoxic T-cells,PRR18,39,53,15,8,225-239,SPRPGALRPMLKVSL,15,5,0.77,0.116,55.55555556,Y,0.7358490566,100.0,2.6
A.finegoldii,Mg chelatase subunit ChID,289,HLA-B*07:02,SPRPGEVSL,9,0.001,4.72,NetMHCpan,Cytotoxic T-cells,SPATA13,41,57,14,8,336-349,SPRSGAPSPGEASL,14,6,1.41,0.127,66.66666667,Y,0.7192982456,100.0,2.9285714285714284
A.finegoldii,Mg chelatase subunit ChID,289,HLA-B*07:02,SPRPGEVSL,9,0.001,4.72,NetMHCpan,Cytotoxic T-cells,SPATA13,29,83,6,5,513-518,PGPVSL,6,6,1.62,0.299,100.0,Y,0.3493975904,66.66666666666666,4.833333333333333
A.finegoldii,Mg chelatase subunit ChID,289,HLA-B*07:02,SPRPGEVSL,9,0.001,4.72,NetMHCpan,Cytotoxic T-cells,ZNF219,33,71,7,5,711-717,RPGEAGL,7,7,1.72,0.459,100.0,Y,0.4647887324,77.77777777777779,4.714285714285714
A.finegoldii,Mg chelatase subunit ChID,289,HLA-B*07:02,SPRPGEVSL,9,0.001,4.72,NetMHCpan,Cytotoxic T-cells,ZNF358,44,62,13,8,425-437,SPASMMRPGQVSL,13,4,0.46,0.172,44.44444444,Y,0.7096774194,100.0,3.3846153846153846
A.finegoldii,Mg chelatase subunit ChID,473,DRB1_0405,DRILKVARTIADLAG,15,0.17,31.37,NetMHCIIpan,Helper T-cells,MPDZ,41,60,15,9,300-312,DHILKIGDTDLAG,13,5,1.62,0.07,38.46153846,Y,0.6833333333,100.0,2.7333333333333334
A.finegoldii,Mg chelatase subunit ChID,473,DRB1_0405,DRILKVARTIADLAG,15,0.17,31.37,NetMHCIIpan,Helper T-cells,TFRC,44,56,18,10,578-595,ERIPELNKVARAAAEVAG,18,12,0.31,0.52,80.0,Y,0.7857142857,100.0,2.4444444444444446
B.intestinalis,vWFA,234,HLA-B*35:01,YPVGNTVQY,9,0.001,2.52,NetMHCpan,Cytotoxic T-cells,ABHD13,0,0,0,0,164-172,GLYLDSEAV,9,6,2.64,0.259,66.66666667,N,-,0.0,0.0
B.intestinalis,vWFA,234,HLA-B*35:01,YPVGNTVQY,9,0.001,2.52,NetMHCpan,Cytotoxic T-cells,CCDC92B,0,0,0,0,160-168,ATAEPRPRR,9,6,2.03,0.32,66.66666667,N,-,0.0,0.0
B.intestinalis,vWFA,234,HLA-B*35:01,YPVGNTVQY,9,0.001,2.52,NetMHCpan,Cytotoxic T-cells,CNTNAP4,0,0,0,0,437-445,IYSGGTYYF,9,7,2.1,0.4,77.77777778,N,-,0.0,0.0
B.intestinalis,vWFA,234,HLA-B*35:01,YPVGNTVQY,9,0.001,2.52,NetMHCpan,Cytotoxic T-cells,FLG,0,0,0,0,71-79,TEFLLMVFK,9,5,2.21,0.164,55.55555556,N,-,0.0,0.0
B.intestinalis,vWFA,234,HLA-B*35:01,YPVGNTVQY,9,0.001,2.52,NetMHCpan,Cytotoxic T-cells,OR52N1,0,0,0,0,104-112,FFVHTFTGM,9,5,2.02,0.297,55.55555556,N,-,0.0,0.0
B.intestinalis,vWFA,234,HLA-B*35:01,YPVGNTVQY,9,0.001,2.52,NetMHCpan,Cytotoxic T-cells,RORA,0,0,0,0,484-492,HTEKLMAFK,9,6,2.54,0.283,66.66666667,N,-,0.0,0.0
B.intestinalis,vWFA,234,HLA-B*35:01,YPVGNTVQY,9,0.001,2.52,NetMHCpan,Cytotoxic T-cells,TNFSF12,0,0,0,0,24-32,LALGLGLAL,9,6,2.69,0.261,66.66666667,N,-,0.0,0.0
B.intestinalis,vWFA,234,HLA-B*35:01,YPVGNTVQY,9,0.001,2.52,NetMHCpan,Cytotoxic T-cells,TUBE1,0,0,0,0,213-221,SLFDIISKI,9,6,2.64,0.255,66.66666667,N,-,0.0,0.0
B.intestinalis,vWFA,234,HLA-B*35:01,YPVGNTVQY,9,0.001,2.52,NetMHCpan,Cytotoxic T-cells,ISCA1,0,0,0,0,19-27,QPTRAALTL,9,6,2.32,0.341,66.66666667,N,-,0.0,0.0
B.intestinalis,vWFA,234,HLA-B*35:01,YPVGNTVQY,9,0.001,2.52,NetMHCpan,Cytotoxic T-cells,CLDN18,0,0,0,0,34-42,DLYNNPVTA,9,6,2.53,0.171,66.66666667,N,-,0.0,0.0
B.intestinalis,vWFA,234,HLA-B*35:01,YPVGNTVQY,9,0.001,2.52,NetMHCpan,Cytotoxic T-cells,ANAPC1,0,0,0,0,1296-1304,LAAGLALGM,9,6,2.59,0.261,66.66666667,N,-,0.0,0.0
B.intestinalis,vWFA,234,HLA-B*35:01,YPVGNTVQY,9,0.001,2.52,NetMHCpan,Cytotoxic T-cells,CD55,36,56,9,5,119-127,FPVGTVVEY,9,5,0.72,0.298,55.55555556,Y,0.6428571429,100.0,4.0
B.intestinalis,vWFA,234,HLA-B*35:01,YPVGNTVQY,9,0.001,2.52,NetMHCpan,Cytotoxic T-cells,CFHR5,37,67,9,6,468-476,YPPGSTVTY,9,5,0.74,0.29,55.55555556,Y,0.552238806,100.0,4.111111111111111
B.intestinalis,vWFA,234,HLA-B*35:01,YPVGNTVQY,9,0.001,2.52,NetMHCpan,Cytotoxic T-cells,SEZ6,51,78,9,7,789-797,FPVGATVQY,9,5,0.46,0.447,55.55555556,Y,0.6538461538,100.0,5.666666666666667
B.intestinalis,vWFA,234,HLA-B*35:01,YPVGNTVQY,9,0.001,2.52,NetMHCpan,Cytotoxic T-cells,SEZ6,46,67,9,6,549-557,YPVGTTVEF,9,5,0.65,0.361,55.55555556,Y,0.6865671642,100.0,5.111111111111111
B.intestinalis,vWFA,234,HLA-B*35:01,YPVGNTVQY,9,0.001,2.52,NetMHCpan,Cytotoxic T-cells,SEZ6L2,41,67,9,6,723-731,FPVGSHVQY,9,5,0.49,0.426,55.55555556,Y,0.6119402985,100.0,4.555555555555555
B.intestinalis,vWFA,234,HLA-B*35:01,YPVGNTVQY,9,0.001,2.52,NetMHCpan,Cytotoxic T-cells,SKIC3,38,67,9,6,233-238,YPTVQY,6,6,1.75,0.418,100.0,Y,0.5671641791,100.0,4.222222222222222
B.intestinalis,vWFA,239,DRB1_0405,TVQYVNMPVEIDEKT,15,0.0,49.85,NetMHCIIpan,Helper T-cells,KIF26B,0,0,0,0,345-359,GLTEAVLNRYNADKP,15,13,2.11,0.162,86.66666667,N,-,0.0,0.0
B.intestinalis,vWFA,239,DRB1_0405,TVQYVNMPVEIDEKT,15,0.0,49.85,NetMHCIIpan,Helper T-cells,PRR18,0,0,0,0,225-239,SPRPGALRPMLKVSL,15,12,2.23,0.209,80.0,N,-,0.0,0.0
B.intestinalis,vWFA,239,DRB1_0405,TVQYVNMPVEIDEKT,15,0.0,49.85,NetMHCIIpan,Helper T-cells,NUP214,48,59,17,10,367-382,VDYTNQVEITISDEKT,16,5,0.51,0.17,33.33333333,Y,0.813559322,100.0,2.823529411764706
B.finegoldii,vWFA,486,HLA-B*35:01,IPAGVKNEY,9,0.007,11.11,NetMHCpan,Cytotoxic T-cells,AADACL2,0,0,0,0,113-121,GGFCFGSSK,9,9,2.22,0.216,100.0,N,-,0.0,0.0
B.finegoldii,vWFA,486,HLA-B*35:01,IPAGVKNEY,9,0.007,11.11,NetMHCpan,Cytotoxic T-cells,SOWAHB,0,0,0,0,219-227,ATAEEKPAR,9,7,2.5,0.181,77.77777778,N,-,0.0,0.0
B.finegoldii,vWFA,486,HLA-B*35:01,IPAGVKNEY,9,0.007,11.11,NetMHCpan,Cytotoxic T-cells,ISCA1,0,0,0,0,19-27,QPTRAALTL,9,8,3.0,0.317,88.88888889,N,-,0.0,0.0
B.finegoldii,vWFA,486,HLA-B*35:01,IPAGVKNEY,9,0.007,11.11,NetMHCpan,Cytotoxic T-cells,CNTNAP4,0,0,0,0,437-445,IYSGGTYYF,9,7,2.0,0.294,77.77777778,N,-,0.0,0.0
B.finegoldii,vWFA,486,HLA-B*35:01,IPAGVKNEY,9,0.007,11.11,NetMHCpan,Cytotoxic T-cells,ZNF555,39,70,10,7,136-145,IPPGVKQYEY,10,7,1.61,0.308,77.77777778,Y,0.5571428571,100.0,3.9
B.finegoldii,vWFA,161,DRB1_0401,LSTFSIDVDPASYSN,15,0.02,0.1,NetMHCIIpan,Helper T-cells,SIRPA,42,50,18,9,191-208,LSDFQTNVDPVGESVSYS,18,9,1.37,0.206,60.0,Y,0.84,100.0,2.3333333333333335
B.finegoldii,vWFA,161,DRB1_0401,LSTFSIDVDPASYSN,15,0.02,0.1,NetMHCIIpan,Helper T-cells,SIRPB1,50,56,18,10,190-207,LSDFQTNVDPAGDSVSYS,18,9,1.43,0.2,60.0,Y,0.8928571429,100.0,2.7777777777777777
B.fragilis,hsp70,404,HLA-A*02:01,KLIDANTTI,9,0.03,13.7,NetMHCpan,Cytotoxic T-cells,ABHD13,0,0,0,0,164-172,GLYLDSEAV,9,6,2.01,0.295,66.66666667,N,-,0.0,0.0
B.fragilis,hsp70,404,HLA-A*02:01,KLIDANTTI,9,0.03,13.7,NetMHCpan,Cytotoxic T-cells,CPSF7,0,0,0,0,29-37,DLYDDVLTA,9,7,2.01,0.2,77.77777778,N,-,0.0,0.0
B.fragilis,hsp70,404,HLA-A*02:01,KLIDANTTI,9,0.03,13.7,NetMHCpan,Cytotoxic T-cells,KIF14,0,0,0,0,205-213,RANENVALK,9,6,2.22,0.155,66.66666667,N,-,0.0,0.0
B.fragilis,hsp70,404,HLA-A*02:01,KLIDANTTI,9,0.03,13.7,NetMHCpan,Cytotoxic T-cells,PCYOX1,0,0,0,0,120-128,IYNGETLVF,9,7,2.47,0.286,77.77777778,N,-,0.0,0.0
B.fragilis,hsp70,404,HLA-A*02:01,KLIDANTTI,9,0.03,13.7,NetMHCpan,Cytotoxic T-cells,SOWAHB,0,0,0,0,219-227,ATAEEKPAR,9,6,2.26,0.153,66.66666667,N,-,0.0,0.0
B.fragilis,hsp70,404,HLA-A*02:01,KLIDANTTI,9,0.03,13.7,NetMHCpan,Cytotoxic T-cells,TNFSF12,0,0,0,0,24-32,LALGLGLAL,9,6,2.0,0.327,66.66666667,N,-,0.0,0.0
B.fragilis,hsp70,404,HLA-A*02:01,KLIDANTTI,9,0.03,13.7,NetMHCpan,Cytotoxic T-cells,ADGRA3,0,0,0,0,308-316,NLTNAVATA,9,6,2.0,0.285,66.66666667,N,-,0.0,0.0
B.fragilis,hsp70,404,HLA-A*02:01,KLIDANTTI,9,0.03,13.7,NetMHCpan,Cytotoxic T-cells,ACTL6A,39,67,9,6,379-387,KLIANNTTV,9,4,0.39,0.293,44.44444444,Y,0.5820895522,100.0,4.333333333333333
B.fragilis,hsp70,404,HLA-A*02:01,KLIDANTTI,9,0.03,13.7,NetMHCpan,Cytotoxic T-cells,FAM111A,38,67,9,6,241-249,KLIENNDTI,9,6,1.39,0.181,66.66666667,Y,0.5671641791,100.0,4.222222222222222
B.fragilis,hsp70,404,HLA-A*02:01,KLIDANTTI,9,0.03,13.7,NetMHCpan,Cytotoxic T-cells,HSPA9,47,78,9,7,456-464,KLINRNTTI,9,9,0.08,0.977,100.0,Y,0.6025641026,100.0,5.222222222222222
B.fragilis,hsp70,404,HLA-A*02:01,KLIDANTTI,9,0.03,13.7,NetMHCpan,Cytotoxic T-cells,HSPA9,21,67,6,4,58-63,IDLGTT,6,5,0.53,0.486,83.33333333,Y,0.3134328358,66.66666666666666,3.5
B.fragilis,hsp70,404,HLA-A*02:01,KLIDANTTI,9,0.03,13.7,NetMHCpan,Cytotoxic T-cells,TJAP1,39,67,9,6,150-158,KLLDAKNTI,9,6,0.85,0.25,66.66666667,Y,0.5820895522,100.0,4.333333333333333
B.fragilis,hsp70,206,DRB1_0405,GGGVFEVLSTNGDTH,15,0.0,44.37,NetMHCIIpan,Helper T-cells,CDH22,41,53,15,8,323-336,GGDVFKVTTDSDTQ,14,10,1.74,0.236,71.42857143,Y,0.7735849057,100.0,2.7333333333333334
B.fragilis,hsp70,206,DRB1_0405,GGGVFEVLSTNGDTH,15,0.0,44.37,NetMHCIIpan,Helper T-cells,HSPA8,63,77,13,10,215-227,GIFEVKSTAGDTH,13,13,0.46,0.738,100.0,Y,0.8181818182,86.66666666666667,4.846153846153846
B.fragilis,hsp70,206,DRB1_0405,GGGVFEVLSTNGDTH,15,0.0,44.37,NetMHCIIpan,Helper T-cells,HSPA8,23,71,7,5,407-413,GGVMTVL,7,7,1.16,0.368,100.0,Y,0.323943662,46.666666666666664,3.2857142857142856
B.fragilis,hsp70,206,DRB1_0405,GGGVFEVLSTNGDTH,15,0.0,44.37,NetMHCIIpan,Helper T-cells,POSTN,40,57,14,8,317-328,GGAVFETLEGNT,12,9,1.38,0.316,75.0,Y,0.701754386,93.33333333333333,2.857142857142857
B.thetaiotaomicron , BoRo60,390,HLA-A*11:01,STNGYLVIK,9,0.005,5.81,NetMHCpan,Cytotoxic T-cells,FAM111A,0,0,0,0,241-249,KLIENNDTI,9,6,2.21,0.268,66.66666667,N,-,0.0,0.0
B.thetaiotaomicron , BoRo60,390,HLA-A*11:01,STNGYLVIK,9,0.005,5.81,NetMHCpan,Cytotoxic T-cells,RBPJ,0,0,0,0,420-428,QPVQVPVTL,9,7,2.16,0.169,77.77777778,N,-,0.0,0.0
B.thetaiotaomicron , BoRo60,390,HLA-A*11:01,STNGYLVIK,9,0.005,5.81,NetMHCpan,Cytotoxic T-cells,OSBPL1A,0,0,0,0,153-161,DFIFHGSIY,9,7,2.15,0.196,77.77777778,N,-,0.0,0.0
B.thetaiotaomicron , BoRo60,390,HLA-A*11:01,STNGYLVIK,9,0.005,5.81,NetMHCpan,Cytotoxic T-cells,PCDHB1,35,83,6,5,584-589,GYLVTK,6,3,0.39,0.311,50.0,Y,0.421686747,66.66666666666666,5.833333333333333
B.thetaiotaomicron , BoRo60,390,HLA-A*11:01,STNGYLVIK,9,0.005,5.81,NetMHCpan,Cytotoxic T-cells,PCDHB1,34,75,8,6,687-693,STKYLVI,7,7,0.88,0.678,100.0,Y,0.4533333333,88.88888888888889,4.25
B.thetaiotaomicron , BoRo60,390,HLA-A*11:01,STNGYLVIK,9,0.005,5.81,NetMHCpan,Cytotoxic T-cells,PCDHB1,23,71,7,5,255-261,SPNGSLV,7,5,1.03,0.364,71.42857143,Y,0.323943662,77.77777777777779,3.2857142857142856
B.thetaiotaomicron , BoRo60,391,DRB1_0405,TNGYLVIKDLIDRKA,15,0.0,27.84,NetMHCIIpan,Helper T-cells,KIF26B,0,0,0,0,345-359,GLTEAVLNRYNADKP,15,9,2.64,0.102,60.0,N,-,0.0,0.0
B.thetaiotaomicron , BoRo60,391,DRB1_0405,TNGYLVIKDLIDRKA,15,0.0,27.84,NetMHCIIpan,Helper T-cells,GRIK3,47,57,14,8,501-512,NGMVKELIDHKA,12,11,0.97,0.662,91.66666667,Y,0.8245614035,93.33333333333333,3.357142857142857
C.ochracea,vWFA,404,HLA-A*24:02,IYTNGTYVF,9,0.006,7.41,NetMHCpan,Cytotoxic T-cells,ISCA1,0,0,0,0,19-27,QPTRAALTL,9,7,2.45,0.286,77.77777778,N,-,0.0,0.0
C.ochracea,vWFA,404,HLA-A*24:02,IYTNGTYVF,9,0.006,7.41,NetMHCpan,Cytotoxic T-cells,ATP13A5,43,77,9,7,1072-1078,IYTNYIF,7,4,0.19,0.503,57.14285714,Y,0.5584415584,100.0,4.777777777777778
C.ochracea,vWFA,404,HLA-A*24:02,IYTNGTYVF,9,0.006,7.41,NetMHCpan,Cytotoxic T-cells,CNTNAP4,40,67,9,6,437-445,IYSGGTYYF,9,7,1.28,0.36,77.77777778,Y,0.5970149254,100.0,4.444444444444445
C.ochracea,vWFA,404,HLA-A*24:02,IYTNGTYVF,9,0.006,7.41,NetMHCpan,Cytotoxic T-cells,PCYOX1,39,83,6,5,399-404,TDGTYV,6,6,0.34,0.735,100.0,Y,0.4698795181,66.66666666666666,6.5
C.ochracea,vWFA,404,HLA-A*24:02,IYTNGTYVF,9,0.006,7.41,NetMHCpan,Cytotoxic T-cells,PCYOX1,28,70,10,7,120-128,IYNGETLVF,9,6,1.71,0.218,66.66666667,Y,0.4,100.0,2.8
C.ochracea,vWFA,404,HLA-A*24:02,IYTNGTYVF,9,0.006,7.41,NetMHCpan,Cytotoxic T-cells,PKD1L1,46,78,9,7,511-518,VYTNGTVF,8,4,0.18,0.445,50.0,Y,0.5897435897,100.0,5.111111111111111
C.ochracea,vWFA,404,HLA-A*24:02,IYTNGTYVF,9,0.006,7.41,NetMHCpan,Cytotoxic T-cells,VEPH1,41,70,10,7,790-799,IFTDNKTYVF,10,6,1.49,0.324,66.66666667,Y,0.5857142857,100.0,4.1
C.sputigena,vWFA,130,HLA-C*07:01,YRTKNSYTL,9,0.009,29.8,NetMHCpan,Cytotoxic T-cells,CDH22,0,0,0,0,323-336,GGDVFKVTTDSDTQ,14,8,2.25,0.204,88.88888889,N,-,0.0,0.0
C.sputigena,vWFA,130,HLA-C*07:01,YRTKNSYTL,9,0.009,29.8,NetMHCpan,Cytotoxic T-cells,GRIA4,0,0,0,0,821-829,LVGGLGLAM,9,7,2.1,0.185,77.77777778,N,-,0.0,0.0
C.sputigena,vWFA,130,HLA-C*07:01,YRTKNSYTL,9,0.009,29.8,NetMHCpan,Cytotoxic T-cells,IRF2BP2,0,0,0,0,120-128,AAAAERPPR,9,8,2.08,197.0,88.88888889,N,-,0.0,0.0
C.sputigena,vWFA,130,HLA-C*07:01,YRTKNSYTL,9,0.009,29.8,NetMHCpan,Cytotoxic T-cells,SEZ6,0,0,0,0,549-557,YPVGTTVEF,9,8,2.23,0.239,88.88888889,N,-,0.0,0.0
C.sputigena,vWFA,130,HLA-C*07:01,YRTKNSYTL,9,0.009,29.8,NetMHCpan,Cytotoxic T-cells,SEZ6L2,0,0,0,0,723-731,FPVGSHVQY,9,8,2.27,0.255,88.88888889,N,-,0.0,0.0
C.sputigena,vWFA,130,HLA-C*07:01,YRTKNSYTL,9,0.009,29.8,NetMHCpan,Cytotoxic T-cells,TNFSF12,0,0,0,0,24-32,LALGLGLAL,9,7,2.05,0.204,77.77777778,N,-,0.0,0.0
C.sputigena,vWFA,130,HLA-C*07:01,YRTKNSYTL,9,0.009,29.8,NetMHCpan,Cytotoxic T-cells,CUL1,0,0,0,0,681-689,RVNINVPMK,9,9,2.23,0.293,100.0,N,-,0.0,0.0
C.sputigena,vWFA,130,HLA-C*07:01,YRTKNSYTL,9,0.009,29.8,NetMHCpan,Cytotoxic T-cells,ANO4,39,83,6,5,302-307,YRSKNS,6,6,0.66,0.513,100.0,Y,0.4698795181,66.66666666666666,6.5
C.sputigena,vWFA,130,HLA-C*07:01,YRTKNSYTL,9,0.009,29.8,NetMHCpan,Cytotoxic T-cells,GOLGA5,43,78,9,7,550-556,YRTKNTL,7,3,0.2,0.371,42.85714286,Y,0.5512820513,100.0,4.777777777777778
C.sputigena,vWFA,130,HLA-C*07:01,YRTKNSYTL,9,0.009,29.8,NetMHCpan,Cytotoxic T-cells,MLIP,40,71,7,5,741-747,YKTKSSY,7,5,0.43,0.477,71.42857143,Y,0.5633802817,77.77777777777779,5.714285714285714
C.sputigena,vWFA,130,HLA-C*07:01,YRTKNSYTL,9,0.009,29.8,NetMHCpan,Cytotoxic T-cells,TECTA,38,75,8,6,809-816,YRNKNSTT,8,4,0.18,0.442,50.0,Y,0.5066666667,88.88888888888889,4.75
C.sputigena,vWFA,405,DRB1_0405,NGNYAYIDNFTEAKK,15,0.0,31.88,NetMHCIIpan,Helper T-cells,RAB9B,40,50,14,7,145-156,NGDYPYLETSAK,12,7,0.53,0.362,58.33333333,Y,0.8,93.33333333333333,2.857142857142857
EBV,EBNA1,130,HLA-C*07:01,YRTKNSYTL,9,0.009,29.8,NetMHCpan,Cytotoxic T-cells,CUL1,0,0,0,0,681-689,RVNINVPMK,9,6,2.25,0.236,66.66666667,N,-,0.0,0.0
EBV,EBNA1,130,HLA-C*07:01,YRTKNSYTL,9,0.009,29.8,NetMHCpan,Cytotoxic T-cells,TAF2,0,0,0,0,1066-1074,SPLEPGQIL,9,7,2.39,0.125,77.77777778,N,-,0.0,0.0
EBV,EBNA1,130,HLA-C*07:01,YRTKNSYTL,9,0.009,29.8,NetMHCpan,Cytotoxic T-cells,DENND4B,0,0,0,0,2026-11-19 00:00:00,AMAEERPPR,9,6,2.05,0.283,66.66666667,N,-,0.0,0.0
EBV,EBNA1,130,HLA-C*07:01,YRTKNSYTL,9,0.009,29.8,NetMHCpan,Cytotoxic T-cells,NDE1,38,83,6,5,19-24,KDLAMT,6,6,0.09,0.968,100.0,Y,0.4578313253,66.66666666666666,6.333333333333333
EBV,EBNA1,130,HLA-C*07:01,YRTKNSYTL,9,0.009,29.8,NetMHCpan,Cytotoxic T-cells,NDE1,23,67,6,4,99-104,DLAQTK,6,6,0.1,0.959,100.0,Y,0.3432835821,66.66666666666666,3.8333333333333335
E.coli ,Aquaporin Z,162,HLA-B*07:02,APIAIGLAL,9,0.022,11.33,NetMHCpan,Cytotoxic T-cells,CUL1,0,0,0,0,681-689,RVNINVPMK,9,6,2.3,0.25,66.66666667,N,-,0.0,0.0
E.coli ,Aquaporin Z,162,HLA-B*07:02,APIAIGLAL,9,0.022,11.33,NetMHCpan,Cytotoxic T-cells,DPH2,0,0,0,0,215-223,GAFYVGGSK,9,5,2.55,0.1,55.55555556,N,-,0.0,0.0
E.coli ,Aquaporin Z,162,HLA-B*07:02,APIAIGLAL,9,0.022,11.33,NetMHCpan,Cytotoxic T-cells,TAF2,0,0,0,0,1066-1074,SPLEPGQIL,9,7,2.55,0.1,77.77777778,N,-,0.0,0.0
E.coli ,Aquaporin Z,162,HLA-B*07:02,APIAIGLAL,9,0.022,11.33,NetMHCpan,Cytotoxic T-cells,DENND4B,0,0,0,0,2026-11-19 00:00:00,AMAEERPPR,9,6,2.11,0.268,66.66666667,N,-,0.0,0.0
E.coli ,Aquaporin Z,162,HLA-B*07:02,APIAIGLAL,9,0.022,11.33,NetMHCpan,Cytotoxic T-cells,AQP1,42,73,11,8,168-178,APLAIGLSVAL,11,9,0.32,0.6,100.0,Y,0.5753424658,100.0,3.8181818181818183
E.coli ,Aquaporin Z,162,HLA-B*07:02,APIAIGLAL,9,0.022,11.33,NetMHCpan,Cytotoxic T-cells,AQP1,27,71,7,5,27-33,ISIGSAL,7,7,0.27,0.784,100.0,Y,0.3802816901,77.77777777777779,3.857142857142857
E.coli ,Aquaporin Z,162,HLA-B*07:02,APIAIGLAL,9,0.022,11.33,NetMHCpan,Cytotoxic T-cells,GARNL3,37,71,7,5,881-888,PISVGLA,7,5,1.04,0.161,71.42857143,Y,0.5211267606,77.77777777777779,5.285714285714286
E.coli ,Aquaporin Z,162,HLA-B*07:02,APIAIGLAL,9,0.022,11.33,NetMHCpan,Cytotoxic T-cells,INPP5J,24,57,7,4,134-140,APTSLGL,7,3,0.61,0.171,42.85714286,Y,0.4210526316,77.77777777777779,3.4285714285714284
E.coli ,Aquaporin Z,162,HLA-B*07:02,APIAIGLAL,9,0.022,11.33,NetMHCpan,Cytotoxic T-cells,PTH1R,34,78,9,7,2026-04-12 00:00:00,ARIAPGLAL,9,8,2.21,0.437,88.88888889,N,0.4358974359,100.0,3.7777777777777777
E.coli ,Aquaporin Z,162,HLA-B*07:02,APIAIGLAL,9,0.022,11.33,NetMHCpan,Cytotoxic T-cells,THADA,35,67,9,6,1774-1782,ASIALALAL,9,9,0.63,0.656,100.0,Y,0.5223880597,100.0,3.888888888888889
H.pylori,hsp60,168,DRB1_0301,AYILLTDKKISSMKD,15,0.09,18.04,NetMHCIIpan,Helper T-cells,DOCK1,44,67,9,6,1499-1507,LTNDKINSM,9,4,0.48,0.247,44.44444444,Y,0.6567164179,60.0,4.888888888888889
H.pylori,hsp60,168,DRB1_0301,AYILLTDKKISSMKD,15,0.09,18.04,NetMHCIIpan,Helper T-cells,DOCK1,23,57,7,4,1560-1566,KIEKLKD,7,4,0.51,0.299,57.14285714,Y,0.4035087719,46.666666666666664,3.2857142857142856
H.pylori,hsp60,168,DRB1_0301,AYILLTDKKISSMKD,15,0.09,18.04,NetMHCIIpan,Helper T-cells,PRAMEF33,41,50,14,7,273-282,YIKKISNIKE,10,10,1.36,0.317,100.0,Y,0.82,93.33333333333333,2.9285714285714284
H.pylori,hsp60,168,DRB1_0301,AYILLTDKKISSMKD,15,0.09,18.04,NetMHCIIpan,Helper T-cells,SLCO5A1,50,67,12,8,406-417,DKKVSSMGFGKD,12,5,1.82,0.21,41.66666667,Y,0.7462686567,80.0,4.166666666666667
H.pylori,hsp60,168,DRB1_0301,AYILLTDKKISSMKD,15,0.09,18.04,NetMHCIIpan,Helper T-cells,SLCO5A1,32,67,6,4,121-126,YVVLTD,6,4,0.34,0.458,66.66666667,Y,0.4776119403,40.0,5.333333333333333
H.pylori,hsp60,168,DRB1_0301,AYILLTDKKISSMKD,15,0.09,18.04,NetMHCIIpan,Helper T-cells,USP8,45,60,10,6,189-199,YTMMTDKNIS,10,4,0.41,0.25,40.0,Y,0.75,66.66666666666666,4.5
HCMV,pp65,180,HLA-A*24:02,VYYTSAFVF,9,0.01,7.25,NetMHCpan,Cytotoxic T-cells,LRRC2,19,38,8,3,62-69,VYCKNGFI,8,3,0.09,0.364,37.5,Y,0.5,88.88888888888889,2.375
HCMV,pp65,180,HLA-A*24:02,VYYTSAFVF,9,0.01,7.25,NetMHCpan,Cytotoxic T-cells,SLC2A14,35,63,8,5,449-456,YYLGAYVF,8,4,0.45,0.282,50.0,Y,0.5555555556,88.88888888888889,4.375
HCMV,pp65,180,HLA-A*24:02,VYYTSAFVF,9,0.01,7.25,NetMHCpan,Cytotoxic T-cells,SLC2A14,20,44,9,4,312-320,VFYYSTGIF,9,4,1.96,0.035,44.44444444,Y,0.4545454545,100.0,2.2222222222222223
HCMV,pp65,177,DRB1_0701,EPDVYYTSAFVFPTK,15,0.13,26.99,NetMHCIIpan,Helper T-cells,RASA3,47,57,14,8,470-483,DPDVRYTAVSSFIF,14,9,0.34,0.456,64.28571429,Y,0.8245614035,93.33333333333333,3.357142857142857
HCMV,pp65,177,DRB1_0701,EPDVYYTSAFVFPTK,15,0.13,26.99,NetMHCIIpan,Helper T-cells,RASA3,24,57,7,4,685-691,VYHPSAY,7,4,0.92,0.171,57.14285714,Y,0.4210526316,46.666666666666664,3.4285714285714284
HCMV,pp65,177,DRB1_0701,EPDVYYTSAFVFPTK,15,0.13,26.99,NetMHCIIpan,Helper T-cells,RASA3,22,50,10,5,286-295,NVVYTEDHVF,10,3,0.17,0.267,30.0,Y,0.44,66.66666666666666,2.2
HCMV,pp65,177,DRB1_0701,EPDVYYTSAFVFPTK,15,0.13,26.99,NetMHCIIpan,Helper T-cells,VCAN,39,50,14,7,510-516,EPDVFPT,7,3,0.84,0.117,42.85714286,Y,0.78,93.33333333333333,2.7857142857142856
HCMV,UL70,417,HLA-A*02:01,YLLPEPALA,9,0.04,11.8,NetMHCpan,Cytotoxic T-cells,HELZ2,0,0,0,0,1452-1460,SPRPGPSSL,9,9,2.16,0.434,100.0,N,-,0.0,0.0
HCMV,UL70,417,HLA-A*02:01,YLLPEPALA,9,0.04,11.8,NetMHCpan,Cytotoxic T-cells,PRCP,0,0,0,0,439-447,KDITDTLVA,9,7,2.95,0.219,77.77777778,N,-,0.0,0.0
HCMV,UL70,417,HLA-A*02:01,YLLPEPALA,9,0.04,11.8,NetMHCpan,Cytotoxic T-cells,CFAP43,27,50,14,7,124-137,YLASYSSLPEFELA,14,6,1.49,0.15,66.66666667,Y,0.54,100.0,1.9285714285714286
HCMV,UL70,417,HLA-A*02:01,YLLPEPALA,9,0.04,11.8,NetMHCpan,Cytotoxic T-cells,FREM3,40,77,9,7,1633-1641,YVLPDTALA,9,7,1.47,0.292,77.77777778,Y,0.5194805195,100.0,4.444444444444445
HCMV,UL70,417,HLA-A*02:01,YLLPEPALA,9,0.04,11.8,NetMHCpan,Cytotoxic T-cells,FREM3,24,71,7,5,23-29,LLSRPAL,7,5,1.2,0.326,71.42857143,Y,0.338028169,77.77777777777779,3.4285714285714284
HCMV,UL70,417,HLA-A*02:01,YLLPEPALA,9,0.04,11.8,NetMHCpan,Cytotoxic T-cells,GON4L,48,78,9,7,1692-1700,FLLPEQALA,9,8,1.15,0.515,88.88888889,Y,0.6153846154,100.0,5.333333333333333
HCMV,UL70,778,DRB1_0701,TEANFIETRSLNVTR,15,0.0,6.91,NetMHCIIpan,Helper T-cells,KIF26B,0,0,0,0,345-359,GLTEAVLNRYNADKP,15,8,2.32,0.085,53.33333333,N,-,0.0,0.0
HCMV,UL70,778,DRB1_0701,TEANFIETRSLNVTR,15,0.0,6.91,NetMHCIIpan,Helper T-cells,CCDC150,44,57,14,8,859-869,EANFRSVEVSR,11,11,0.72,0.576,100.0,Y,0.7719298246,93.33333333333333,3.142857142857143
HERV-K10,gag Protein,182,HLA-B*07:02,SPLPAGQVL,9,0.01,15.51,NetMHCpan,Cytotoxic T-cells,CFTR,0,0,0,0,89-97,YLGEVTKAV,9,6,2.36,0.11,66.66666667,N,-,0.0,0.0
HERV-K10,gag Protein,182,HLA-B*07:02,SPLPAGQVL,9,0.01,15.51,NetMHCpan,Cytotoxic T-cells,HSPA9,0,0,0,0,456-464,KLINRNTTI,9,6,2.16,0.295,66.66666667,N,-,0.0,0.0
HERV-K10,gag Protein,182,HLA-B*07:02,SPLPAGQVL,9,0.01,15.51,NetMHCpan,Cytotoxic T-cells,TASP1,0,0,0,0,250-258,VSSGGLALK,9,8,2.18,0.221,88.88888889,N,-,0.0,0.0
HERV-K10,gag Protein,182,HLA-B*07:02,SPLPAGQVL,9,0.01,15.51,NetMHCpan,Cytotoxic T-cells,CNTNAP4,0,0,0,0,437-445,IYSGGTYYF,9,8,2.41,0.303,88.88888889,N,-,0.0,0.0
HERV-K10,gag Protein,182,HLA-B*07:02,SPLPAGQVL,9,0.01,15.51,NetMHCpan,Cytotoxic T-cells,ALMS1,39,86,7,6,2947-2953,SPLPQGQ,7,6,0.66,0.454,85.71428571,Y,0.4534883721,77.77777777777779,5.571428571428571
HERV-K10,gag Protein,182,HLA-B*07:02,SPLPAGQVL,9,0.01,15.51,NetMHCpan,Cytotoxic T-cells,ALMS1,33,83,6,5,2986-2991,PLPQGQ,6,5,0.62,0.4,83.33333333,Y,0.3975903614,66.66666666666666,5.5
HERV-K10,gag Protein,182,HLA-B*07:02,SPLPAGQVL,9,0.01,15.51,NetMHCpan,Cytotoxic T-cells,ERN2,37,57,14,8,763-776,SPLPQPRPSAPQVL,14,4,0.7,0.114,44.44444444,Y,0.649122807,100.0,2.642857142857143
HERV-K10,gag Protein,182,HLA-B*07:02,SPLPAGQVL,9,0.01,15.51,NetMHCpan,Cytotoxic T-cells,LNPK,38,75,8,6,336-343,PLPSGSVL,8,5,0.31,0.486,62.5,Y,0.5066666667,88.88888888888889,4.75
HERV-K10,gag Protein,182,HLA-B*07:02,SPLPAGQVL,9,0.01,15.51,NetMHCpan,Cytotoxic T-cells,PKD1,27,67,6,4,16-21,PLASGQ,6,3,0.24,0.406,50.0,Y,0.4029850746,66.66666666666666,4.5
HERV-K10,gag Protein,182,HLA-B*07:02,SPLPAGQVL,9,0.01,15.51,NetMHCpan,Cytotoxic T-cells,RIMBP3C,38,86,7,6,916-922,SQLPAGQ,7,7,0.74,0.392,100.0,Y,0.4418604651,77.77777777777779,5.428571428571429
HERV-K10,gag Protein,182,HLA-B*07:02,SPLPAGQVL,9,0.01,15.51,NetMHCpan,Cytotoxic T-cells,RIMBP3C,23,35,20,7,2026-07-26 00:00:00,SPLGASPKKPGCSSPAAAVL,20,9,1.04,0.215,100.0,Y,0.6571428571,100.0,1.15
HERV-K10,gag Protein,182,HLA-B*07:02,SPLPAGQVL,9,0.01,15.51,NetMHCpan,Cytotoxic T-cells,SRRM2,37,83,6,5,1248-1253,PAGQIL,6,4,0.56,0.312,66.66666667,Y,0.4457831325,66.66666666666666,6.166666666666667
HERV-K10,gag Protein,182,HLA-B*07:02,SPLPAGQVL,9,0.01,15.51,NetMHCpan,Cytotoxic T-cells,TAF2,37,67,9,6,1066-1074,SPLEPGQIL,9,7,1.42,0.346,77.77777778,Y,0.552238806,100.0,4.111111111111111
HERV-K10,gag Protein,182,HLA-B*07:02,SPLPAGQVL,9,0.01,15.51,NetMHCpan,Cytotoxic T-cells,TEDC1,43,78,9,7,62-70,SPLPAGNAL,9,3,0.05,0.33,33.33333333,Y,0.5512820513,100.0,4.777777777777778
HERV-K10,gag Protein,182,HLA-B*07:02,SPLPAGQVL,9,0.01,15.51,NetMHCpan,Cytotoxic T-cells,TEX2,46,78,9,7,119-127,SPVPAAQVL,9,4,0.28,0.348,44.44444444,Y,0.5897435897,100.0,5.111111111111111
HERV-K10,gag Protein,182,HLA-B*07:02,SPLPAGQVL,9,0.01,15.51,NetMHCpan,Cytotoxic T-cells,TOGARAM2,45,80,10,8,259-268,SPLPPGQGVL,10,9,0.97,0.406,100.0,Y,0.5625,100.0,4.5
HSV-1,P-40,243,HLA-A*24:02,TYLQASEKF,9,0.004,15.41,NetMHCpan,Cytotoxic T-cells,KLHL23,42,67,9,6,522-530,TYLQSIEKY,9,4,0.56,0.228,44.44444444,Y,0.6268656716,100.0,4.666666666666667
HSV-1,P-40,243,HLA-A*24:02,TYLQASEKF,9,0.004,15.41,NetMHCpan,Cytotoxic T-cells,OBSCN,27,63,8,5,16-23,TNLQVEEK,8,3,0.32,0.266,37.5,Y,0.4285714286,88.88888888888889,3.375
HSV-1,P-40,243,HLA-A*24:02,TYLQASEKF,9,0.004,15.41,NetMHCpan,Cytotoxic T-cells,OR2Y1,37,50,16,8,257-272,TYLQSIHNYSEREGKF,16,4,0.38,0.166,44.44444444,Y,0.74,100.0,2.3125
K.pneumoniae ,L-asparaginase,46,HLA-B*35:01,MPDFTIHEY,9,0.001,2.97,NetMHCpan,Cytotoxic T-cells,TAS2R9,0,0,0,0,171-179,VSKIPGTFK,9,7,2.04,0.4,77.77777778,N,-,0.0,0.0
K.pneumoniae ,L-asparaginase,46,HLA-B*35:01,MPDFTIHEY,9,0.001,2.97,NetMHCpan,Cytotoxic T-cells,ADCY10,29,57,7,4,1401-1406,EFIHQY,6,3,0.47,0.265,50.0,Y,0.5087719298,77.77777777777779,4.142857142857143
K.pneumoniae ,L-asparaginase,211,DRB1_1501,PIGVVTIYPGISADV,15,0.01,16.05,NetMHCIIpan,Helper T-cells,ACTBL2,42,78,9,7,305-312,TMYPGIAD,8,5,1.71,0.402,62.5,Y,0.5384615385,60.0,4.666666666666667
K.pneumoniae ,L-asparaginase,211,DRB1_1501,PIGVVTIYPGISADV,15,0.01,16.05,NetMHCIIpan,Helper T-cells,ACTBL2,32,75,8,6,71-78,PIEHGVVT,8,5,1.42,0.269,62.5,Y,0.4266666667,53.333333333333336,4.0
L.grayi ,Beta=Lactamase,222,HLA-A*11:01,TVLAYLVEK,9,0.018,6.76,NetMHCpan,Cytotoxic T-cells,CCDCP28B,0,0,0,0,16-24,QPAQAPGTL,9,6,3.35,0.143,66.66666667,N,-,0.0,0.0
L.grayi ,Beta=Lactamase,222,HLA-A*11:01,TVLAYLVEK,9,0.018,6.76,NetMHCpan,Cytotoxic T-cells,DENND4B,0,0,0,0,2026-11-19 00:00:00,AMAEERPPR,9,6,2.07,0.296,66.66666667,N,-,0.0,0.0
L.grayi ,Beta=Lactamase,222,HLA-A*11:01,TVLAYLVEK,9,0.018,6.76,NetMHCpan,Cytotoxic T-cells,EML6,0,0,0,0,1846-1854,LGKQVTEAV,9,6,2.02,0.297,66.66666667,N,-,0.0,0.0
L.grayi ,Beta=Lactamase,222,HLA-A*11:01,TVLAYLVEK,9,0.018,6.76,NetMHCpan,Cytotoxic T-cells,SOWAHB,0,0,0,0,219-227,ATAEEKPAR,9,6,2.69,0.076,66.66666667,N,-,0.0,0.0
L.grayi ,Beta=Lactamase,222,HLA-A*11:01,TVLAYLVEK,9,0.018,6.76,NetMHCpan,Cytotoxic T-cells,CPSF7,0,0,0,0,29-37,DLYDDVLTA,9,7,2.53,0.23,77.77777778,N,-,0.0,0.0
L.grayi ,Beta=Lactamase,222,HLA-A*11:01,TVLAYLVEK,9,0.018,6.76,NetMHCpan,Cytotoxic T-cells,TANC1,50,89,9,8,1226-1233,TVLYLVEK,8,8,0.28,0.774,100.0,Y,0.5617977528,100.0,5.555555555555555
L.grayi ,Beta=Lactamase,222,HLA-A*11:01,TVLAYLVEK,9,0.018,6.76,NetMHCpan,Cytotoxic T-cells,TANC1,33,71,7,5,1193-1199,VVQYLVE,7,7,0.27,0.781,100.0,Y,0.4647887324,77.77777777777779,4.714285714285714
L.grayi ,Beta=Lactamase,365,DRB1_0401,VVLFSNIQNNIASFG,15,0.25,13.71,NetMHCIIpan,Helper T-cells,ZNF121,0,0,0,0,290-304,GKAFTVSSSLHNHVK,15,13,2.16,0.288,86.66666667,N,#DIV/0!,0.0,0.0
L.grayi ,Beta=Lactamase,365,DRB1_0401,VVLFSNIQNNIASFG,15,0.25,13.71,NetMHCIIpan,Helper T-cells,GIMAP8,43,64,14,9,343-352,VLSTIQNNFG,10,7,2.35,0.2,70.0,N,0.671875,93.33333333333333,3.0714285714285716
L.grayi ,Beta=Lactamase,365,DRB1_0401,VVLFSNIQNNIASFG,15,0.25,13.71,NetMHCIIpan,Helper T-cells,TTN,32,71,7,5,53-59,FSNILEN,7,7,1.19,0.483,100.0,Y,0.4507042254,46.666666666666664,4.571428571428571
O.splanchnicus ,IS66 family transposase,442,HLA-A*02:01,YLYDGRIFI,9,0.008,2.63,NetMHCpan,Cytotoxic T-cells,IRF2BP2,0,0,0,0,120-128,AAAAERPPR,9,5,2.08,0.148,55.55555556,N,-,0.0,0.0
O.splanchnicus ,IS66 family transposase,442,HLA-A*02:01,YLYDGRIFI,9,0.008,2.63,NetMHCpan,Cytotoxic T-cells,TAF2,0,0,0,0,1066-1074,SPLEPGQIL,9,6,2.44,0.164,66.66666667,N,-,0.0,0.0
O.splanchnicus ,IS66 family transposase,442,HLA-A*02:01,YLYDGRIFI,9,0.008,2.63,NetMHCpan,Cytotoxic T-cells,UNC45A,0,0,0,0,640-648,LAAGVVSAM,9,6,2.03,0.361,66.66666667,N,-,0.0,0.0
O.splanchnicus ,IS66 family transposase,442,HLA-A*02:01,YLYDGRIFI,9,0.008,2.63,NetMHCpan,Cytotoxic T-cells,KIF14,0,0,0,0,205-213,RANENVALK,9,5,2.01,0.113,55.55555556,N,-,0.0,0.0
O.splanchnicus ,IS66 family transposase,442,HLA-A*02:01,YLYDGRIFI,9,0.008,2.63,NetMHCpan,Cytotoxic T-cells,CNGB3,37,67,9,6,264-271,YLYDMLFI,8,5,0.71,0.442,62.5,Y,0.552238806,100.0,4.111111111111111
O.splanchnicus ,IS66 family transposase,442,HLA-A*02:01,YLYDGRIFI,9,0.008,2.63,NetMHCpan,Cytotoxic T-cells,IFT80,39,64,11,7,395-404,YLYSYEGRFI,10,7,1.7,0.306,77.77777778,Y,0.609375,100.0,3.5454545454545454
O.splanchnicus ,IS66 family transposase,442,HLA-A*02:01,YLYDGRIFI,9,0.008,2.63,NetMHCpan,Cytotoxic T-cells,WASHC4,38,55,11,6,796-806,YLYNLNNQIFI,11,8,1.72,0.388,88.88888889,Y,0.6909090909,100.0,3.4545454545454546
P.mendocina,vWFA,160,HLA-B*07:02,APFGVSTEL,9,0.021,36.14,NetMHCpan,Cytotoxic T-cells,SEZ6,0,0,0,0,549-557,YPVGTTVEF,9,8,2.38,0.369,88.88888889,N,-,0.0,0.0
P.mendocina,vWFA,160,HLA-B*07:02,APFGVSTEL,9,0.021,36.14,NetMHCpan,Cytotoxic T-cells,CIC,38,78,9,7,1217-1224,APGVSSEL,8,7,0.96,0.28,87.5,Y,0.4871794872,100.0,4.222222222222222
Parvovirus B19,Minor Capsid protein VP1A,58,HLA-A*02:01,SLFDLVARI,9,0.033,13.1,NetMHCpan,Cytotoxic T-cells,CUL1,0,0,0,0,681-689,RVNINVPMK,9,6,2.49,0.224,66.66666667,N,-,0.0,0.0
Parvovirus B19,Minor Capsid protein VP1A,58,HLA-A*02:01,SLFDLVARI,9,0.033,13.1,NetMHCpan,Cytotoxic T-cells,EML6,0,0,0,0,1846-1854,LGKQVTEAV,9,6,2.01,0.305,66.66666667,N,-,0.0,0.0
Parvovirus B19,Minor Capsid protein VP1A,58,HLA-A*02:01,SLFDLVARI,9,0.033,13.1,NetMHCpan,Cytotoxic T-cells,HSPA9,0,0,0,0,456-464,KLINRNTTI,9,6,2.02,0.239,66.66666667,N,-,0.0,0.0
Parvovirus B19,Minor Capsid protein VP1A,58,HLA-A*02:01,SLFDLVARI,9,0.033,13.1,NetMHCpan,Cytotoxic T-cells,PTH1R,0,0,0,0,2026-04-12 00:00:00,ARIAPGLAL,9,8,2.33,0.46,88.88888889,N,-,0.0,0.0
Parvovirus B19,Minor Capsid protein VP1A,58,HLA-A*02:01,SLFDLVARI,9,0.033,13.1,NetMHCpan,Cytotoxic T-cells,TAS2R9,0,0,0,0,171-179,VSKIPGTFK,9,7,2.13,0.445,77.77777778,N,-,0.0,0.0
Parvovirus B19,Minor Capsid protein VP1A,58,HLA-A*02:01,SLFDLVARI,9,0.033,13.1,NetMHCpan,Cytotoxic T-cells,KIF14,0,0,0,0,205-213,RANENVALK,9,5,2.25,0.048,55.55555556,N,-,0.0,0.0
Parvovirus B19,Minor Capsid protein VP1A,58,HLA-A*02:01,SLFDLVARI,9,0.033,13.1,NetMHCpan,Cytotoxic T-cells,DENND4B,0,0,0,0,2026-11-19 00:00:00,AMAEERPPR,9,6,2.08,0.262,66.66666667,N,-,0.0,0.0
Parvovirus B19,Minor Capsid protein VP1A,58,HLA-A*02:01,SLFDLVARI,9,0.033,13.1,NetMHCpan,Cytotoxic T-cells,KLF13,39,78,9,7,60-67,SLFVVARI,8,8,0.25,0.833,100.0,Y,0.5,100.0,4.333333333333333
Parvovirus B19,Minor Capsid protein VP1A,58,HLA-A*02:01,SLFDLVARI,9,0.033,13.1,NetMHCpan,Cytotoxic T-cells,TP53BP2,44,67,12,8,335-346,SLEGEFDLVQRI,12,8,0.3,0.512,88.88888889,Y,0.6567164179,100.0,3.6666666666666665
Parvovirus B19,Minor Capsid protein VP1A,58,HLA-A*02:01,SLFDLVARI,9,0.033,13.1,NetMHCpan,Cytotoxic T-cells,TUBE1,39,56,9,5,213-221,SLFDIISKI,9,9,0.27,0.808,100.0,Y,0.6964285714,100.0,4.333333333333333
R.intestinalis,DNA Cytosine Methyltransferase,280,HLA-B*07:02,RPNDIREPM,9,0.009,4.9,NetMHCpan,Cytotoxic T-cells,ABHD13,0,0,0,0,164-172,GLYLDSEAV,9,6,2.08,0.33,66.66666667,N,-,0.0,0.0
R.intestinalis,DNA Cytosine Methyltransferase,280,HLA-B*07:02,RPNDIREPM,9,0.009,4.9,NetMHCpan,Cytotoxic T-cells,FAM83H,0,0,0,0,1168-1176,VPKILGTFK,9,7,2.67,0.188,77.77777778,N,-,0.0,0.0
R.intestinalis,DNA Cytosine Methyltransferase,280,HLA-B*07:02,RPNDIREPM,9,0.009,4.9,NetMHCpan,Cytotoxic T-cells,FLG,0,0,0,0,71-79,TEFLLMVFK,9,6,2.13,0.416,66.66666667,N,-,0.0,0.0
R.intestinalis,DNA Cytosine Methyltransferase,280,HLA-B*07:02,RPNDIREPM,9,0.009,4.9,NetMHCpan,Cytotoxic T-cells,GRIA4,0,0,0,0,821-829,LVGGLGLAM,9,6,2.1,0.369,66.66666667,N,-,0.0,0.0
R.intestinalis,DNA Cytosine Methyltransferase,280,HLA-B*07:02,RPNDIREPM,9,0.009,4.9,NetMHCpan,Cytotoxic T-cells,KIF14,0,0,0,0,205-213,RANENVALK,9,6,2.18,0.146,66.66666667,N,-,0.0,0.0
R.intestinalis,DNA Cytosine Methyltransferase,280,HLA-B*07:02,RPNDIREPM,9,0.009,4.9,NetMHCpan,Cytotoxic T-cells,HMGXB3,0,0,0,0,834-842,RVSINVVLK,9,6,2.1,0.345,66.66666667,N,-,0.0,0.0
R.intestinalis,DNA Cytosine Methyltransferase,280,HLA-B*07:02,RPNDIREPM,9,0.009,4.9,NetMHCpan,Cytotoxic T-cells,TAP1,0,0,0,0,99-107,LAAALGLAL,9,6,2.02,0.354,66.66666667,N,-,0.0,0.0
R.intestinalis,DNA Cytosine Methyltransferase,280,HLA-B*07:02,RPNDIREPM,9,0.009,4.9,NetMHCpan,Cytotoxic T-cells,TNFSF12,0,0,0,0,24-32,LALGLGLAL,9,6,2.04,0.371,66.66666667,N,-,0.0,0.0
R.intestinalis,DNA Cytosine Methyltransferase,280,HLA-B*07:02,RPNDIREPM,9,0.009,4.9,NetMHCpan,Cytotoxic T-cells,PRCP,0,0,0,0,439-447,KDITDTLVA,9,8,2.36,0.251,88.88888889,N,-,0.0,0.0
R.intestinalis,DNA Cytosine Methyltransferase,280,HLA-B*07:02,RPNDIREPM,9,0.009,4.9,NetMHCpan,Cytotoxic T-cells,FKBP5,0,0,0,0,317-325,LAAFLNLAM,9,6,2.05,0.34,66.66666667,N,-,0.0,0.0
R.intestinalis,DNA Cytosine Methyltransferase,280,HLA-B*07:02,RPNDIREPM,9,0.009,4.9,NetMHCpan,Cytotoxic T-cells,DOCK1,0,0,0,0,1499-1507,LTNDKINSM,9,6,2.09,0.362,66.66666667,N,-,0.0,0.0
R.intestinalis,DNA Cytosine Methyltransferase,280,HLA-B*07:02,RPNDIREPM,9,0.009,4.9,NetMHCpan,Cytotoxic T-cells,ACIN1,37,64,11,7,780-790,RPENDVPEPPM,11,6,1.37,0.201,66.66666667,Y,0.578125,100.0,3.3636363636363638
R.intestinalis,DNA Cytosine Methyltransferase,280,HLA-B*07:02,RPNDIREPM,9,0.009,4.9,NetMHCpan,Cytotoxic T-cells,ADAMTSL3,37,67,9,6,1005-1012,RPALREPM,8,6,2.35,0.394,75.0,N,0.552238806,100.0,4.111111111111111
R.intestinalis,DNA Cytosine Methyltransferase,280,HLA-B*07:02,RPNDIREPM,9,0.009,4.9,NetMHCpan,Cytotoxic T-cells,CAMTA1,39,67,9,6,1354-1359,RPREPM,6,4,0.45,0.417,66.66666667,Y,0.5820895522,100.0,4.333333333333333
R.intestinalis,DNA Cytosine Methyltransferase,280,HLA-B*07:02,RPNDIREPM,9,0.009,4.9,NetMHCpan,Cytotoxic T-cells,TGDS,40,70,10,7,295-304,RPTNDMRYPM,10,7,1.82,0.35,77.77777778,Y,0.5714285714,100.0,4.0
R.intestinalis,DNA Cytosine Methyltransferase,280,HLA-B*07:02,RPNDIREPM,9,0.009,4.9,NetMHCpan,Cytotoxic T-cells,UBE2L6,47,78,9,7,114-121,RPNIREPL,8,8,1.66,0.457,100.0,Y,0.6025641026,100.0,5.222222222222222
R.intestinalis,DNA Cytosine Methyltransferase,207,DRB1_0405,LKKPYVGAYTQLDFS,15,0.08,28.27,NetMHCIIpan,Helper T-cells,PCM1,43,53,15,8,1006-1013,LKKQLDFS,8,5,0.83,0.419,62.5,Y,0.8113207547,100.0,2.8666666666666667
S.pyogenes,M protein,376,HLA-A*11:01,VSAGMLALK,9,0.115,13.04,NetMHCpan,Cytotoxic T-cells,GRIA4,0,0,0,0,821-829,LVGGLGLAM,9,5,2.68,0.173,55.55555556,N,-,0.0,0.0
S.pyogenes,M protein,376,HLA-A*11:01,VSAGMLALK,9,0.115,13.04,NetMHCpan,Cytotoxic T-cells,RORA,0,0,0,0,484-492,HTEKLMAFK,9,4,2.0,0.047,44.44444444,N,-,0.0,0.0
S.pyogenes,M protein,376,HLA-A*11:01,VSAGMLALK,9,0.115,13.04,NetMHCpan,Cytotoxic T-cells,OR52N1,0,0,0,0,104-112,FFVHTFTGM,9,4,2.05,0.047,44.44444444,N,-,0.0,0.0
S.pyogenes,M protein,376,HLA-A*11:01,VSAGMLALK,9,0.115,13.04,NetMHCpan,Cytotoxic T-cells,TUBE1,0,0,0,0,213-221,SLFDIISKI,9,4,2.0,0.046,44.44444444,N,-,0.0,0.0
S.pyogenes,M protein,376,HLA-A*11:01,VSAGMLALK,9,0.115,13.04,NetMHCpan,Cytotoxic T-cells,HMGXB3,0,0,0,0,834-842,RVSINVVLK,9,5,2.73,0.183,55.55555556,N,-,0.0,0.0
S.pyogenes,M protein,376,HLA-A*11:01,VSAGMLALK,9,0.115,13.04,NetMHCpan,Cytotoxic T-cells,TASP1,38,78,9,7,250-258,VSSGGLALK,9,7,1.49,0.222,77.77777778,Y,0.4871794872,100.0,4.222222222222222
S.pyogenes,M protein,376,HLA-A*11:01,VSAGMLALK,9,0.115,13.04,NetMHCpan,Cytotoxic T-cells,TMEM273,43,78,9,7,47-54,ISAGFLAL,8,3,0.46,0.204,37.5,Y,0.5512820513,100.0,4.777777777777778
S.typhimurium,OmpH,6,HLA-B*35:01,LAAGLGLAM,9,0.099,9.42,NetMHCpan,Cytotoxic T-cells,CLDN18,0,0,0,0,34-42,DLYNNPVTA,9,6,2.03,0.184,66.66666667,N,-,0.0,0.0
S.typhimurium,OmpH,6,HLA-B*35:01,LAAGLGLAM,9,0.099,9.42,NetMHCpan,Cytotoxic T-cells,ADCY8,38,100,6,6,258-263,LAAGLG,6,4,0.5,0.399,66.66666667,Y,0.38,66.66666666666666,6.333333333333333
S.typhimurium,OmpH,6,HLA-B*35:01,LAAGLGLAM,9,0.099,9.42,NetMHCpan,Cytotoxic T-cells,ANAPC1,46,78,9,7,1296-1304,LAAGLALGM,9,5,0.68,0.282,55.55555556,Y,0.5897435897,100.0,5.111111111111111
S.typhimurium,OmpH,6,HLA-B*35:01,LAAGLGLAM,9,0.099,9.42,NetMHCpan,Cytotoxic T-cells,CYB5RL,38,80,10,8,187-196,LAAGTGLAPM,10,3,0.07,0.294,33.33333333,Y,0.475,100.0,3.8
S.typhimurium,OmpH,6,HLA-B*35:01,LAAGLGLAM,9,0.099,9.42,NetMHCpan,Cytotoxic T-cells,CYC1,39,80,10,8,67-76,LAAGGAGLAM,10,6,0.66,0.293,66.66666667,Y,0.4875,100.0,3.9
S.typhimurium,OmpH,6,HLA-B*35:01,LAAGLGLAM,9,0.099,9.42,NetMHCpan,Cytotoxic T-cells,FKBP5,38,78,9,7,317-325,LAAFLNLAM,9,3,0.09,0.323,33.33333333,Y,0.4871794872,100.0,4.222222222222222
S.typhimurium,OmpH,6,HLA-B*35:01,LAAGLGLAM,9,0.099,9.42,NetMHCpan,Cytotoxic T-cells,GRIA1,43,100,6,6,826-831,GLGLAM,6,4,0.47,0.438,66.66666667,Y,0.43,66.66666666666666,7.166666666666667
S.typhimurium,OmpH,6,HLA-B*35:01,LAAGLGLAM,9,0.099,9.42,NetMHCpan,Cytotoxic T-cells,GRIA4,46,78,9,7,821-829,LVGGLGLAM,9,3,0.12,0.315,33.33333333,Y,0.5897435897,100.0,5.111111111111111
S.typhimurium,OmpH,6,HLA-B*35:01,LAAGLGLAM,9,0.099,9.42,NetMHCpan,Cytotoxic T-cells,MBOAT7,42,80,10,8,438-447,LAALGLGLAL,10,3,0.09,0.29,33.33333333,Y,0.525,100.0,4.2
S.typhimurium,OmpH,6,HLA-B*35:01,LAAGLGLAM,9,0.099,9.42,NetMHCpan,Cytotoxic T-cells,MBOAT7,30,83,6,5,36-41,AVGLGL,6,4,0.46,0.439,66.66666667,Y,0.3614457831,66.66666666666666,5.0
S.typhimurium,OmpH,6,HLA-B*35:01,LAAGLGLAM,9,0.099,9.42,NetMHCpan,Cytotoxic T-cells,MBOAT7,21,67,6,4,34-439,AAAVGL,6,4,0.55,0.388,66.66666667,Y,0.3134328358,66.66666666666666,3.5
S.typhimurium,OmpH,6,HLA-B*35:01,LAAGLGLAM,9,0.099,9.42,NetMHCpan,Cytotoxic T-cells,NFKB2,38,100,6,6,674-679,LAAGLG,6,4,0.58,0.371,66.66666667,Y,0.38,66.66666666666666,6.333333333333333
S.typhimurium,OmpH,6,HLA-B*35:01,LAAGLGLAM,9,0.099,9.42,NetMHCpan,Cytotoxic T-cells,SLC27A5,20,71,7,5,405-411,LAMGNGL,7,6,1.82,0.282,85.71428571,Y,0.2816901408,77.77777777777779,2.857142857142857
S.typhimurium,OmpH,6,HLA-B*35:01,LAAGLGLAM,9,0.099,9.42,NetMHCpan,Cytotoxic T-cells,TAP1,44,78,9,7,99-107,LAAALGLAL,9,5,0.7,0.243,55.55555556,Y,0.5641025641,100.0,4.888888888888889
S.typhimurium,OmpH,6,HLA-B*35:01,LAAGLGLAM,9,0.099,9.42,NetMHCpan,Cytotoxic T-cells,TAS2R5,44,78,9,7,2026-02-10 00:00:00,LSAGLGLLM,9,3,0.21,0.282,33.33333333,Y,0.5641025641,100.0,4.888888888888889
S.typhimurium,OmpH,6,HLA-B*35:01,LAAGLGLAM,9,0.099,9.42,NetMHCpan,Cytotoxic T-cells,TNFSF12,40,78,9,7,24-32,LALGLGLAL,9,3,0.07,0.326,33.33333333,Y,0.5128205128,100.0,4.444444444444445
S.typhimurium,OmpH,6,HLA-B*35:01,LAAGLGLAM,9,0.099,9.42,NetMHCpan,Cytotoxic T-cells,UNC13C,42,67,12,8,1054-1065,LAARKSGLSLAM,12,3,0.11,0.238,33.33333333,Y,0.6268656716,100.0,3.5
S.typhimurium,OmpH,6,HLA-B*35:01,LAAGLGLAM,9,0.099,9.42,NetMHCpan,Cytotoxic T-cells,UNC45A,38,88,8,7,838-844,AAGGLAM,7,3,0.2,0.372,42.85714286,Y,0.4318181818,88.88888888888889,4.75
S.typhimurium,OmpH,6,HLA-B*35:01,LAAGLGLAM,9,0.099,9.42,NetMHCpan,Cytotoxic T-cells,UNC45A,27,67,9,6,640-648,LAAGVVSAM,9,5,0.72,0.23,55.55555556,Y,0.4029850746,100.0,3.0
S.typhimurium,OmpH,23,DRB1_0404,KIAIVNMGNLFQQVA,15,0.11,17.81,NetMHCIIpan,Helper T-cells,ADGRG7,41,41,22,9,202-223,KVAIVTVSQLLDASEDAFQRVA,22,10,0.56,0.293,66.66666667,Y,1,100.0,1.8636363636363635
S.typhimurium,OmpH,23,DRB1_0404,KIAIVNMGNLFQQVA,15,0.11,17.81,NetMHCIIpan,Helper T-cells,FAT3,27,67,6,4,577-582,LFEKVA,6,4,0.16,0.603,66.66666667,Y,0.4029850746,40.0,4.5
S.typhimurium,OmpH,23,DRB1_0404,KIAIVNMGNLFQQVA,15,0.11,17.81,NetMHCIIpan,Helper T-cells,FSTL4,40,32,28,9,310-337,KVTTIHMGNYTCHASGHEQLFQTHVLQV,28,7,0.81,0.187,46.66666667,Y,1.25,100.0,1.4285714285714286
Torque teno virus,ORFa,13,HLA-A*11:01,ATAEQRPPR,9,0.143,72.12,NetMHCpan,Cytotoxic T-cells,FAM83H,0,0,0,0,1168-1176,VPKILGTFK,9,7,3.22,0.088,77.77777778,N,-,0.0,0.0
Torque teno virus,ORFa,13,HLA-A*11:01,ATAEQRPPR,9,0.143,72.12,NetMHCpan,Cytotoxic T-cells,OSBPL1A,0,0,0,0,153-161,DFIFHGSIY,9,6,2.37,0.15,66.66666667,N,-,0.0,0.0
Torque teno virus,ORFa,13,HLA-A*11:01,ATAEQRPPR,9,0.143,72.12,NetMHCpan,Cytotoxic T-cells,THADA,0,0,0,0,1774-1782,ASIALALAL,9,7,2.11,0.456,77.77777778,N,-,0.0,0.0
Torque teno virus,ORFa,13,HLA-A*11:01,ATAEQRPPR,9,0.143,72.12,NetMHCpan,Cytotoxic T-cells,KIF14,0,0,0,0,205-213,RANENVALK,9,6,2.73,0.071,66.66666667,N,-,0.0,0.0
Torque teno virus,ORFa,13,HLA-A*11:01,ATAEQRPPR,9,0.143,72.12,NetMHCpan,Cytotoxic T-cells,ALMS1,39,75,8,6,2755-2762,TEEQNPPR,8,6,1.08,0.376,75.0,Y,0.52,88.88888888888889,4.875
Torque teno virus,ORFa,13,HLA-A*11:01,ATAEQRPPR,9,0.143,72.12,NetMHCpan,Cytotoxic T-cells,CCDC92B,44,78,9,7,160-168,ATAEPRPRR,9,3,0.13,0.311,33.33333333,Y,0.5641025641,100.0,4.888888888888889
Torque teno virus,ORFa,13,HLA-A*11:01,ATAEQRPPR,9,0.143,72.12,NetMHCpan,Cytotoxic T-cells,DENND4B,49,78,9,7,2026-11-19 00:00:00,AMAEERPPR,9,6,1.57,0.348,66.66666667,Y,0.6282051282,100.0,5.444444444444445
Torque teno virus,ORFa,13,HLA-A*11:01,ATAEQRPPR,9,0.143,72.12,NetMHCpan,Cytotoxic T-cells,IRF2BP2,42,67,9,6,120-128,AAAAERPPR,9,6,1.47,0.214,66.66666667,Y,0.6268656716,100.0,4.666666666666667
Torque teno virus,ORFa,13,HLA-A*11:01,ATAEQRPPR,9,0.143,72.12,NetMHCpan,Cytotoxic T-cells,KIZ,42,67,9,6,2026-08-16 00:00:00,ATPAERPPR,9,3,0.56,0.154,33.33333333,Y,0.6268656716,100.0,4.666666666666667
Torque teno virus,ORFa,13,HLA-A*11:01,ATAEQRPPR,9,0.143,72.12,NetMHCpan,Cytotoxic T-cells,SOWAHB,42,67,9,6,219-227,ATAEEKPAR,9,6,2.73,0.097,66.66666667,N,0.6268656716,100.0,4.666666666666667
Torque teno virus,ORFa,13,HLA-A*11:01,ATAEQRPPR,9,0.143,72.12,NetMHCpan,Cytotoxic T-cells,SUPT20HL1,47,86,7,6,19-25,AQQRPPR,7,6,0.85,0.534,85.71428571,Y,0.5465116279,77.77777777777779,6.714285714285714
Torque teno virus,ORFa,13,HLA-A*11:01,ATAEQRPPR,9,0.143,72.12,NetMHCpan,Cytotoxic T-cells,SUPT20HL1,23,67,6,4,118-123,AEELPP,6,6,1.1,0.411,100.0,Y,0.3432835821,66.66666666666666,3.8333333333333335
Y.pseudotuberculosis,Tersinia adhensin,403,HLA-A*11:01,RVNESVALK,9,0.006,10.19,NetMHCpan,Cytotoxic T-cells,CLDN18,0,0,0,0,34-42,DLYNNPVTA,9,8,2.7,0.252,88.88888889,N,-,0.0,0.0
Y.pseudotuberculosis,Tersinia adhensin,403,HLA-A*11:01,RVNESVALK,9,0.006,10.19,NetMHCpan,Cytotoxic T-cells,OR52N1,0,0,0,0,104-112,FFVHTFTGM,9,6,2.16,0.373,66.66666667,N,-,0.0,0.0
Y.pseudotuberculosis,Tersinia adhensin,403,HLA-A*11:01,RVNESVALK,9,0.006,10.19,NetMHCpan,Cytotoxic T-cells,TAS2R9,0,0,0,0,171-179,VSKIPGTFK,9,6,2.0,0.271,66.66666667,N,-,0.0,0.0
Y.pseudotuberculosis,Tersinia adhensin,403,HLA-A*11:01,RVNESVALK,9,0.006,10.19,NetMHCpan,Cytotoxic T-cells,DENND4B,0,0,0,0,2026-11-19 00:00:00,AMAEERPPR,9,7,2.43,0.215,77.77777778,N,-,0.0,0.0
Y.pseudotuberculosis,Tersinia adhensin,403,HLA-A*11:01,RVNESVALK,9,0.006,10.19,NetMHCpan,Cytotoxic T-cells,KIF14,49,78,9,7,205-213,RANENVALK,9,6,1.58,0.266,66.66666667,Y,0.6282051282,100.0,5.444444444444445
Y.pseudotuberculosis,Tersinia adhensin,403,HLA-A*11:01,RVNESVALK,9,0.006,10.19,NetMHCpan,Cytotoxic T-cells,NUP42,38,53,17,9,188-205,RVNELKSLNISTKVALLS,18,6,1.62,0.124,66.66666667,Y,0.7169811321,100.0,2.235294117647059
Y.pseudotuberculosis,Tersinia adhensin,403,HLA-A*11:01,RVNESVALK,9,0.006,10.19,NetMHCpan,Cytotoxic T-cells,RALGAPA1,38,78,9,7,588-595,RVTESVLK,8,6,1.89,0.48,75.0,Y,0.4871794872,100.0,4.222222222222222
Y.pseudotuberculosis,Tersinia adhensin,403,HLA-A*11:01,RVNESVALK,9,0.006,10.19,NetMHCpan,Cytotoxic T-cells,RALGAPA1,27,67,6,4,39-44,ESIDLK,6,4,0.25,0.539,66.66666667,Y,0.4029850746,66.66666666666666,4.5
Y.pseudotuberculosis,Tersinia adhensin,387,DRB1_0701,VGGYRSSQALAIGSG,15,0.0,11.94,NetMHCIIpan,Helper T-cells,PRR18,0,0,0,0,225-239,SPRPGALRPMLKVSL,15,10,2.11,0.194,66.66666667,N,-,0.0,0.0
Y.pseudotuberculosis,Tersinia adhensin,387,DRB1_0701,VGGYRSSQALAIGSG,15,0.0,11.94,NetMHCIIpan,Helper T-cells,FAP,45,71,14,10,626-639,GGYVSSLALASGTG,14,9,1.88,0.115,64.28571429,Y,0.6338028169,93.33333333333333,3.2142857142857144
Y.pseudotuberculosis,Tersinia adhensin,387,DRB1_0701,VGGYRSSQALAIGSG,15,0.0,11.94,NetMHCIIpan,Helper T-cells,KDM3B,40,70,10,7,479-488,SSQPLTFGSG,10,10,1.45,0.27,100.0,Y,0.5714285714,66.66666666666666,4.0
Y.pseudotuberculosis,Tersinia adhensin,387,DRB1_0701,VGGYRSSQALAIGSG,15,0.0,11.94,NetMHCIIpan,Helper T-cells,KDM3B,21,63,8,5,774-781,GGFLSSPA,8,4,0.28,0.39,50.0,Y,0.3333333333,53.333333333333336,2.625
Y.pseudotuberculosis,Tersinia adhensin,387,DRB1_0701,VGGYRSSQALAIGSG,15,0.0,11.94,NetMHCIIpan,Helper T-cells,WDFY2,42,57,14,8,150-160,GGYRTSAVASG,11,7,1.15,0.332,63.63636364,Y,0.7368421053,93.33333333333333,3.0
Y.enterocolitica,YadA,426,HLA-A*11:01,RVNENVALK,9,0.008,12.59,NetMHCpan,Cytotoxic T-cells,DENND4B,0,0,0,0,2026-11-19 00:00:00,AMAEERPPR,9,7,2.42,0.204,77.77777778,N,-,0.0,0.0
Y.enterocolitica,YadA,426,HLA-A*11:01,RVNENVALK,9,0.008,12.59,NetMHCpan,Cytotoxic T-cells,OR52N1,0,0,0,0,104-112,FFVHTFTGM,9,6,2.18,0.38,66.66666667,N,-,0.0,0.0
Y.enterocolitica,YadA,426,HLA-A*11:01,RVNENVALK,9,0.008,12.59,NetMHCpan,Cytotoxic T-cells,FKBP5,0,0,0,0,317-325,LAAFLNLAM,9,6,2.33,0.37,66.66666667,N,-,0.0,0.0
Y.enterocolitica,YadA,426,HLA-A*11:01,RVNENVALK,9,0.008,12.59,NetMHCpan,Cytotoxic T-cells,ANAPC1,37,58,12,7,273-284,RVKSEEENVVLK,12,6,1.09,0.228,66.66666667,Y,0.6379310345,100.0,3.0833333333333335
Y.enterocolitica,YadA,426,HLA-A*11:01,RVNENVALK,9,0.008,12.59,NetMHCpan,Cytotoxic T-cells,ATOSA,37,75,8,6,203-210,VSHNVALK,8,8,0.97,0.487,100.0,Y,0.4933333333,88.88888888888889,4.625
Y.enterocolitica,YadA,426,HLA-A*11:01,RVNENVALK,9,0.008,12.59,NetMHCpan,Cytotoxic T-cells,ATOSA,34,67,9,6,410-418,RVSQENENV,9,6,0.81,0.31,66.66666667,Y,0.5074626866,100.0,3.7777777777777777
Y.enterocolitica,YadA,426,HLA-A*11:01,RVNENVALK,9,0.008,12.59,NetMHCpan,Cytotoxic T-cells,CUL1,39,67,9,6,681-689,RVNINVPMK,9,4,0.5,0.231,44.44444444,Y,0.5820895522,100.0,4.333333333333333
Y.enterocolitica,YadA,426,HLA-A*11:01,RVNENVALK,9,0.008,12.59,NetMHCpan,Cytotoxic T-cells,HMGXB3,37,67,9,6,834-842,RVSINVVLK,9,4,0.22,0.376,44.44444444,Y,0.552238806,100.0,4.111111111111111
Y.enterocolitica,YadA,426,HLA-A*11:01,RVNENVALK,9,0.008,12.59,NetMHCpan,Cytotoxic T-cells,KIF14,57,89,9,8,205-213,RANENVALK,9,6,1.55,0.298,66.66666667,Y,0.6404494382,100.0,6.333333333333333
Y.enterocolitica,YadA,426,HLA-A*11:01,RVNENVALK,9,0.008,12.59,NetMHCpan,Cytotoxic T-cells,STARD9,41,67,9,6,389-397,RVNEDANLK,9,3,0.09,0.324,33.33333333,Y,0.6119402985,100.0,4.555555555555555
Y.enterocolitica,YadA,410,DRB1_0701,VGGYRSSQALAIGSG,15,0.0,11.94,NetMHCIIpan,Helper T-cells,PRR18,0,0,0,0,225-239,SPRPGALRPMLKVSL,15,10,2.1,0.186,66.66666667,N,-,0.0,0.0
Y.enterocolitica,YadA,410,DRB1_0701,VGGYRSSQALAIGSG,15,0.0,11.94,NetMHCIIpan,Helper T-cells,FAP,45,71,14,10,626-639,GGYVSSLALASGTG,14,9,2.49,0.114,64.28571429,N,0.6338028169,93.33333333333333,3.2142857142857144
Y.enterocolitica,YadA,410,DRB1_0701,VGGYRSSQALAIGSG,15,0.0,11.94,NetMHCIIpan,Helper T-cells,KDM3B,40,70,10,7,479-488,SSQPLTFGSG,10,10,1.39,0.287,100.0,Y,0.5714285714,66.66666666666666,4.0
Y.enterocolitica,YadA,410,DRB1_0701,VGGYRSSQALAIGSG,15,0.0,11.94,NetMHCIIpan,Helper T-cells,KDM3B,21,63,8,5,774-781,GGFLSSPA,8,6,1.13,0.386,75.0,Y,0.3333333333,53.333333333333336,2.625
Y.enterocolitica,YadA,410,DRB1_0701,VGGYRSSQALAIGSG,15,0.0,11.94,NetMHCIIpan,Helper T-cells,WDFY2,42,57,14,8,150-160,GGYRTSAVASG,11,7,1.21,0.329,63.63636364,Y,0.7368421053,93.33333333333333,3.0
